tr|Q7TU21|Q7TU21_PROMP,EC:1.2.1.11/3.7585
sp|Q7UZH7|PYRG_PROMP,EC:6.3.4.2/2.9574
sp|Q7UZR6|PANCY_PROMP,EC:2.7.4.25/6.4352
sp|Q7V010|RLMN_PROMP,EC:2.1.1.192/3.9242,EC:2.1.1.224/4.9630
sp|Q7V0C4|KAIC_PROMP,EC:2.7.11.1/7.0824
sp|Q7V0G1|MURA_PROMP,EC:2.5.1.7/3.8519
tr|Q7V0G8|Q7V0G8_PROMP,EC:4.2.1.136/3.6253,EC:5.1.99.6/5.6416
tr|Q7V0H7|Q7V0H7_PROMP,EC:2.1.1.228/7.4115
sp|Q7V111|KPRS_PROMP,EC:2.7.6.1/2.4977
tr|Q7V1H8|Q7V1H8_PROMP,EC:3.5.4.25/5.0657
tr|Q7V1L1|Q7V1L1_PROMP,EC:3.6.4.12/6.6663
sp|Q7V274|GLMU_PROMP,EC:2.3.1.157/3.9405
sp|Q7V2D0|RBL_PROMP,EC:4.1.1.39/3.8610
sp|Q7V2Q8|MURE_PROMP,EC:6.3.2.13/3.7892,EC:6.3.2.37/6.5208,EC:6.3.2.7/6.9450
sp|Q7V316|IXTPA_PROMP,EC:3.6.1.66/3.0553
tr|Q7V359|Q7V359_PROMP,EC:6.3.2.5/4.2527
tr|Q7V362|Q7V362_PROMP,EC:3.6.4.10/7.6047
sp|Q7V365|PSBA_PROMP,EC:1.10.3.9/2.4532
sp|O07295|PCBA_PROMP,EC:1.97.1.12/7.1549
sp|Q7TTQ1|MNMA_PROMP,EC:2.8.1.13/3.9813
tr|Q7TU15|Q7TU15_PROMP,EC:4.2.3.1/4.4849
tr|Q7TU17|Q7TU17_PROMP,EC:2.7.4.1/2.9346
sp|Q7TU25|MIAA_PROMP,EC:2.5.1.75/4.6809
sp|Q7TU31|TRUA_PROMP,EC:5.4.99.12/3.1354
tr|Q7TU32|Q7TU32_PROMP,EC:5.1.1.1/5.0110,EC:5.1.1.5/6.5196
tr|Q7TU39|Q7TU39_PROMP,EC:6.3.3.3/4.4880
tr|Q7TU40|Q7TU40_PROMP,EC:4.3.2.2/3.0462
sp|Q7TU44|CH602_PROMP,EC:5.6.1.7/2.4157
sp|Q7TU60|PANB_PROMP,EC:2.1.2.11/4.3225
tr|Q7TU66|Q7TU66_PROMP,EC:1.1.1.193/3.8548
sp|Q7TU75|TRMFO_PROMP,EC:2.1.1.74/4.8372
sp|Q7TU81|FOLD_PROMP,EC:3.5.4.9/3.0509
tr|Q7TU97|Q7TU97_PROMP,EC:2.6.1.42/5.1264
tr|Q7TUC2|Q7TUC2_PROMP,EC:4.4.1.5/5.6308
tr|Q7TUC4|Q7TUC4_PROMP,EC:5.1.1.3/3.5122
tr|Q7TUC5|Q7TUC5_PROMP,EC:6.3.2.10/4.0357
sp|Q7TUC7|HIS2_PROMP,EC:3.5.4.19/4.9117
sp|Q7TUD1|ARGB_PROMP,EC:2.7.2.8/2.4979
sp|Q7TUF8|NU3C_PROMP,EC:1.12.98.3/6.8379
tr|Q7TUF9|Q7TUF9_PROMP,EC:6.6.1.1/4.1851
sp|Q7TUG0|TGT_PROMP,EC:2.4.2.29/4.0150
sp|Q7TUG1|PUR9_PROMP,EC:3.5.4.10/3.1586
sp|Q7TUG9|GSHB_PROMP,EC:6.3.2.3/5.0650
sp|Q7TUH1|NDHI_PROMP,EC:1.12.98.3/8.0566
tr|Q7TUH3|Q7TUH3_PROMP,EC:1.12.98.3/6.6136
tr|Q7TUI2|Q7TUI2_PROMP,EC:2.4.2.14/3.1785
tr|Q7UZF5|Q7UZF5_PROMP,EC:2.7.7.4/10.0177
sp|Q7UZF8|MRAY_PROMP,EC:2.7.8.13/4.0625,EC:2.7.8.33/7.7663
sp|Q7UZG2|AROE_PROMP,EC:1.1.1.25/3.4874,EC:1.1.1.24/6.4871
tr|Q7UZG7|Q7UZG7_PROMP,EC:4.2.1.3/5.6766
sp|Q7UZH5|QUEC_PROMP,EC:6.3.4.20/4.1043
tr|Q7UZH6|Q7UZH6_PROMP,EC:4.3.99.3/3.9834
sp|Q7UZH8|SYDND_PROMP,EC:6.1.1.23/2.7111
sp|Q7UZI0|SPEE_PROMP,EC:2.5.1.16/3.4367
sp|Q7UZI3|SYV_PROMP,EC:6.1.1.9/3.0999
sp|Q7UZJ9|THIG_PROMP,EC:2.8.1.10/3.1820
tr|Q7UZK5|Q7UZK5_PROMP,EC:3.6.4.12/6.9232
sp|Q7UZK8|TIG_PROMP,EC:5.2.1.8/3.6151
sp|Q7UZK9|DAPA_PROMP,EC:4.3.3.7/3.3981
tr|Q7UZL0|Q7UZL0_PROMP,EC:1.5.99.14/8.1793
sp|Q7UZL3|UVRB_PROMP,EC:3.6.4.12/8.8730
sp|Q7UZM1|SECA_PROMP,EC:7.4.2.4/4.1123
tr|Q7UZM4|Q7UZM4_PROMP,EC:5.6.2.2/3.6183
sp|Q7UZP0|SYK_PROMP,EC:6.1.1.6/3.3454
sp|Q7UZP3|RUVB_PROMP,EC:3.6.4.12/3.6784
sp|Q7UZP7|THIC_PROMP,EC:4.1.99.17/3.6667
sp|Q7UZQ1|PSAC_PROMP,EC:1.97.1.12/4.4849
tr|Q7UZQ2|Q7UZQ2_PROMP,EC:2.6.1.16/3.0821
tr|Q7UZQ5|Q7UZQ5_PROMP,EC:3.1.26.3/4.8290
sp|Q7UZS3|HEM6_PROMP,EC:1.3.3.3/4.7563
tr|Q7UZS5|Q7UZS5_PROMP,EC:2.4.1.129/6.6527
tr|Q7UZT3|Q7UZT3_PROMP,EC:4.1.1.50/4.1295
sp|Q7UZU3|RECA_PROMP,EC:3.6.4.12/8.0541
sp|Q7UZV2|RS3_PROMP,EC:3.1.26.5/8.8719
sp|Q7UZW0|RS5_PROMP,EC:2.7.7.6/8.2504
sp|Q7UZW3|KAD_PROMP,EC:2.7.4.3/4.9880,EC:2.7.4.10/6.7661
sp|Q7UZW4|RS13_PROMP,EC:3.1.21.10/8.6644
sp|Q7UZW6|RPOA_PROMP,EC:2.7.7.6/5.3351
sp|Q7UZY1|LIPA1_PROMP,EC:2.8.1.8/4.9249
sp|Q7UZY4|RS12_PROMP,EC:3.1.26.5/8.2168
sp|Q7UZZ2|RNH2_PROMP,EC:3.1.26.4/4.1347
sp|Q7UZZ3|DAPAT_PROMP,EC:2.6.1.83/2.2188
sp|Q7V003|RPIA_PROMP,EC:5.3.1.6/3.2293
sp|Q7V004|HISX_PROMP,EC:1.1.1.23/5.1472,EC:1.1.1.308/7.6019
sp|Q7V006|RPOB_PROMP,EC:2.7.7.6/6.1204
sp|Q7V007|RPOC1_PROMP,EC:2.7.7.6/6.2648
sp|Q7V008|RPOC2_PROMP,EC:2.7.7.6/7.2753
tr|Q7V019|Q7V019_PROMP,EC:2.6.1.62/4.6445,EC:2.6.1.105/9.3808,EC:2.6.1.34/9.4530
sp|Q7V024|FUMC_PROMP,EC:4.2.1.2/3.6832
sp|Q7V027|QUEF_PROMP,EC:1.7.1.13/4.5052
sp|Q7V033|ATPL_PROMP,EC:7.1.1.8/8.9343
sp|Q7V037|ATPA_PROMP,EC:7.1.2.2/2.3820
tr|Q7V042|Q7V042_PROMP,EC:6.3.5.1/4.6689
sp|Q7V049|ATPB_PROMP,EC:7.1.2.2/2.4190
sp|Q7V051|GPMI_PROMP,EC:5.4.2.12/3.2081
sp|Q7V0A5|MURD_PROMP,EC:6.3.2.9/4.5368
sp|Q7V0B9|RNZ_PROMP,EC:3.1.26.11/3.0782
tr|Q7V0C9|Q7V0C9_PROMP,EC:3.5.1.108/5.0926
sp|Q7V0D0|FABZ_PROMP,EC:4.2.1.59/3.1786
sp|Q7V0D4|AMPA_PROMP,EC:3.4.11.1/4.4539
sp|Q7V0D7|SYY_PROMP,EC:6.1.1.1/4.6243
sp|Q7V0D8|PYRF_PROMP,EC:4.1.1.23/4.1266
sp|Q7V0D9|PLSY_PROMP,EC:2.3.1.275/2.9450
sp|Q7V0F0|ILVC_PROMP,EC:1.1.1.86/3.7679
tr|Q7V0F2|Q7V0F2_PROMP,EC:3.4.21.92/6.2420
sp|Q7V0F6|DDL_PROMP,EC:6.3.2.4/3.4633
sp|Q7V0F7|MIAB_PROMP,EC:2.8.4.3/4.3416
sp|Q7V0G0|ARGD_PROMP,EC:2.6.1.11/4.8281
sp|Q7V0G7|LNT_PROMP,EC:2.3.1.269/4.9746
tr|Q7V0H2|Q7V0H2_PROMP,EC:3.6.4.12/8.4566
sp|Q7V0I3|THIE_PROMP,EC:2.5.1.3/6.0861
tr|Q7V0I4|Q7V0I4_PROMP,EC:2.7.1.26/4.9035
sp|Q7V0I7|SYFA_PROMP,EC:6.1.1.20/3.3811
sp|Q7V0I8|NADK2_PROMP,EC:2.7.1.23/3.8278,EC:2.7.1.86/6.1712
tr|Q7V0J2|Q7V0J2_PROMP,EC:3.6.4.10/7.3396
tr|Q7V0J4|Q7V0J4_PROMP,EC:3.4.21.88/5.1240
tr|Q7V0P9|Q7V0P9_PROMP,EC:1.1.1.356/5.7217,EC:1.1.1.271/5.9598
sp|Q7V0R5|PNP_PROMP,EC:2.7.7.8/2.8582
sp|Q7V0R7|SYS_PROMP,EC:6.1.1.11/3.7334
tr|Q7V0U8|Q7V0U8_PROMP,EC:2.2.1.6/3.7862
sp|Q7V0W0|DXR_PROMP,EC:1.1.1.267/4.7534
sp|Q7V0W1|SYC_PROMP,EC:6.1.1.16/3.3905
tr|Q7V0W8|Q7V0W8_PROMP,EC:2.7.7.n1/4.7597
sp|Q7V0Y7|PDXJ_PROMP,EC:2.6.99.2/3.2112
sp|Q7V0Z8|LIPA2_PROMP,EC:2.8.1.8/4.6043
sp|Q7V101|BIOB_PROMP,EC:2.8.1.6/3.9636
tr|Q7V103|Q7V103_PROMP,EC:2.7.7.85/6.2407
tr|Q7V104|Q7V104_PROMP,EC:4.1.1.20/4.3243,EC:4.1.1.95/9.0270
tr|Q7V116|Q7V116_PROMP,EC:1.1.1.49/3.3253,EC:1.1.1.363/5.8679
sp|Q7V121|LEU1_PROMP,EC:2.3.3.13/3.6366
tr|Q7V124|Q7V124_PROMP,EC:5.6.2.2/4.9659
sp|Q7V127|HIS5_PROMP,EC:3.5.1.2/5.2117
sp|Q7V132|RUVC_PROMP,EC:3.1.21.10/3.3188
tr|Q7V135|Q7V135_PROMP,EC:1.1.1.3/4.5356
sp|Q7V179|PURT_PROMP,EC:6.3.1.21/5.2637
sp|Q7V1B6|URE1_PROMP,EC:3.5.1.5/4.5312
sp|Q7V1C3|UPPP_PROMP,EC:3.6.1.27/4.4798
tr|Q7V1C7|Q7V1C7_PROMP,EC:6.3.5.5/4.0382
sp|Q7V1E1|RSMA_PROMP,EC:2.1.1.182/3.5848
sp|Q7V1E2|ISPE_PROMP,EC:2.7.1.148/4.1924
tr|Q7V1F8|Q7V1F8_PROMP,EC:3.4.23.36/2.9473
sp|Q7V1G6|DXS_PROMP,EC:2.2.1.7/3.3933
sp|Q7V1H9|ARGC_PROMP,EC:1.2.1.38/4.1090
tr|Q7V1I0|Q7V1I0_PROMP,EC:2.1.2.2/5.1784
sp|Q7V1I1|G6PI_PROMP,EC:5.3.1.9/4.7717,EC:5.1.3.42/8.1220
tr|Q7V1I3|Q7V1I3_PROMP,EC:5.1.1.7/4.4365
sp|Q7V1I7|COAD_PROMP,EC:2.7.7.3/2.3684
tr|Q7V1J0|Q7V1J0_PROMP,EC:4.2.1.119/8.4276
tr|Q7V1J3|Q7V1J3_PROMP,EC:4.1.2.13/8.6135
sp|Q7V1J8|SYFB_PROMP,EC:6.1.1.20/4.1606
tr|Q7V1K0|Q7V1K0_PROMP,EC:6.1.1.10/5.1198
tr|Q7V1K3|Q7V1K3_PROMP,EC:2.7.7.62/5.9385
sp|Q7V1N1|DAPB_PROMP,EC:1.17.1.8/5.5859
sp|Q7V1N4|TPIS_PROMP,EC:5.3.1.1/3.4375
tr|Q7V1N8|Q7V1N8_PROMP,EC:6.3.5.5/6.7462
sp|Q7V1R7|PROB_PROMP,EC:2.7.2.11/3.0574
sp|Q7V1R9|LEU3_PROMP,EC:1.1.1.85/3.5971
sp|Q7V1S1|ACCD_PROMP,EC:2.1.3.15/2.8682
sp|Q7V1S5|PURQ_PROMP,EC:6.3.5.3/5.3914
sp|Q7V1T1|ILVD_PROMP,EC:4.2.1.9/4.1715
tr|Q7V1T5|Q7V1T5_PROMP,EC:1.1.1.44/3.6086
sp|Q7V1T7|HEM1_PROMP,EC:1.2.1.70/4.5867
sp|Q7V1T8|FBSB_PROMP,EC:3.1.3.37/2.3350
tr|Q7V1U3|Q7V1U3_PROMP,EC:3.6.5.n1/4.3079
tr|Q7V1V9|Q7V1V9_PROMP,EC:3.6.4.10/8.0818
sp|Q7V1X3|PSTB_PROMP,EC:7.3.2.1/4.0781
tr|Q7V208|Q7V208_PROMP,EC:6.3.4.18/5.8756
sp|Q7V209|AROB_PROMP,EC:4.2.3.4/3.1786
sp|Q7V215|ISPG_PROMP,EC:1.17.7.1/2.6988
tr|Q7V245|Q7V245_PROMP,EC:2.3.1.46/5.2668
tr|Q7V267|Q7V267_PROMP,EC:6.2.1.1/2.8351
sp|Q7V272|AROA_PROMP,EC:2.5.1.19/3.9645
tr|Q7V276|Q7V276_PROMP,EC:4.1.3.36/4.7592
sp|Q7V277|MEND_PROMP,EC:2.2.1.9/5.0026,EC:2.1.1.132/8.8717
sp|Q7V286|SYW_PROMP,EC:6.1.1.2/2.9823
sp|Q7V287|SYT_PROMP,EC:6.1.1.3/2.3596
sp|Q7V299|GLGB_PROMP,EC:2.4.1.18/3.6975,EC:3.2.1.204/9.4621
sp|Q7V2A0|DCUP_PROMP,EC:4.1.1.37/3.7066
sp|Q7V2B1|NDHL_PROMP,EC:1.1.5.2/8.9513
tr|Q7V2B2|Q7V2B2_PROMP,EC:3.5.2.3/3.8081
sp|Q7V2C7|CSOCA_PROMP,EC:6.2.1.14/6.5796
sp|Q7V2C8|CSOS2_PROMP,EC:2.4.2.31/8.7378
sp|Q7V2C9|RBS_PROMP,EC:2.1.1.148/8.1757,EC:3.5.5.8/8.9693
sp|Q7V2D1|CSOS1_PROMP,EC:2.2.1.6/7.6174
sp|Q7V2D3|CSOSD_PROMP,EC:6.2.1.14/9.2859,EC:2.8.1.16/9.4091
sp|Q7V2D5|CHLN_PROMP,EC:1.3.7.7/4.3539
sp|Q7V2D6|CHLB_PROMP,EC:1.3.7.7/4.1549
sp|Q7V2D7|CHLL_PROMP,EC:1.3.7.7/4.1033
sp|Q7V2E6|ACCA_PROMP,EC:2.1.3.15/3.6692
sp|Q7V2F5|HEMH_PROMP,EC:4.99.1.1/3.0224
sp|Q7V2F8|PYRH_PROMP,EC:2.7.4.22/2.4513
sp|Q7V2G1|TAL_PROMP,EC:2.2.1.2/3.8567
tr|Q7V2G9|Q7V2G9_PROMP,EC:3.6.1.1/5.2070
sp|Q7V2H1|PURA_PROMP,EC:6.3.4.4/3.9347
tr|Q7V2H9|Q7V2H9_PROMP,EC:3.6.4.12/9.5303
tr|Q7V2I0|Q7V2I0_PROMP,EC:2.7.11.22/8.9436
sp|Q7V2I1|HEM3_PROMP,EC:2.5.1.61/2.7408
sp|Q7V2J3|GSA_PROMP,EC:5.4.3.8/3.2066
tr|Q7V2J9|Q7V2J9_PROMP,EC:3.4.11.18/3.6841
sp|Q7V2K3|SYE_PROMP,EC:6.1.1.17/3.9382
sp|Q7V2K6|TSAD_PROMP,EC:2.3.1.234/3.2784
sp|Q7V2L4|UCRI_PROMP,EC:7.1.1.6/1.9366
sp|Q7V2L5|CYF_PROMP,EC:5.2.1.8/8.5483
sp|Q7V2M3|CH601_PROMP,EC:5.6.1.7/4.3082
sp|Q7V2M7|COXX_PROMP,EC:2.5.1.141/4.1398
tr|Q7V2N0|Q7V2N0_PROMP,EC:7.1.1.3/5.1665
tr|Q7V2N7|Q7V2N7_PROMP,EC:5.6.2.1/3.7860
sp|Q7V2N8|NU2C_PROMP,EC:7.1.1.2/7.6097
sp|Q7V2P2|HIS6_PROMP,EC:4.3.2.10/3.7325
sp|Q7V2R8|LIPB_PROMP,EC:2.3.1.181/3.3106
sp|Q7V2S9|AROQ_PROMP,EC:4.2.1.10/4.5495
sp|Q7V2X4|FPG_PROMP,EC:4.2.99.18/2.9936
tr|Q7V2Y4|Q7V2Y4_PROMP,EC:1.10.3.9/6.1612
sp|Q7V2Y8|METK_PROMP,EC:2.5.1.6/3.4683
sp|Q7V2Z3|PHEB_PROMP,EC:3.2.2.22/7.8498
tr|Q7V2Z6|Q7V2Z6_PROMP,EC:2.4.2.28/5.6086
sp|Q7V2Z9|PSBF_PROMP,EC:2.1.1.86/8.4363
sp|Q7V300|PSBE_PROMP,EC:2.1.1.86/8.4797,EC:1.14.99.39/8.9367
sp|Q7V303|NDHK_PROMP,EC:2.4.1.12/9.4463,EC:7.3.2.4/9.7907
sp|Q7V304|NDHJ_PROMP,EC:1.12.98.3/7.2317
tr|Q7V324|Q7V324_PROMP,EC:2.7.8.26/3.5684
sp|Q7V329|ISPH_PROMP,EC:1.17.7.4/6.0172
sp|Q7V335|GLYA_PROMP,EC:2.1.2.1/2.5805
sp|Q7V336|LEUC_PROMP,EC:4.2.1.33/4.4270
sp|Q7V349|GLMM_PROMP,EC:5.4.2.10/3.7619
sp|Q7V352|SYI_PROMP,EC:6.1.1.5/4.5717
sp|Q7V364|AROC_PROMP,EC:4.2.3.5/2.9801
sp|Q7V368|OBG_PROMP,EC:1.13.12.7/9.1558,EC:1.4.1.2/9.1809
tr|Q7V369|Q7V369_PROMP,EC:3.6.4.12/7.9858
sp|Q7V377|ENO_PROMP,EC:4.2.1.11/3.6020
tr|Q7V386|Q7V386_PROMP,EC:1.3.5.2/4.6439
sp|Q7V388|MURG_PROMP,EC:2.4.1.227/4.9022
sp|Q7V395|MNME_PROMP,EC:1.2.1.70/8.4312
sp|Q7V3B0|NDHH_PROMP,EC:1.12.98.3/7.8639
tr|Q7V3B6|Q7V3B6_PROMP,EC:2.7.1.25/3.4729
sp|Q7V3C1|NU1C_PROMP,EC:1.12.98.3/5.9709
sp|Q7V3C2|NADK1_PROMP,EC:2.7.1.23/3.8019
tr|Q7V3C6|Q7V3C6_PROMP,EC:2.7.7.27/7.2657
sp|Q7V3C8|NU4C_PROMP,EC:1.12.98.3/4.6735
sp|Q7V3E0|FABH_PROMP,EC:2.3.1.180/5.4394
sp|Q7V3E1|PLSX_PROMP,EC:2.3.1.274/4.8228
sp|Q7V3F4|NDHO_PROMP,EC:2.3.1.263/6.8169,EC:6.4.1.6/7.9312,EC:2.5.1.151/8.6254,EC:1.16.1.6/8.6254,EC:3.4.23.2/9.2054
tr|Q7V3G8|Q7V3G8_PROMP,EC:2.7.1.71/4.0904
sp|Q7V3H3|RIMO_PROMP,EC:2.8.4.4/4.1916
tr|Q7V3J4|Q7V3J4_PROMP,EC:1.8.4.8/5.7069
tr|Q7V3L5|Q7V3L5_PROMP,EC:6.4.1.2/5.1218
tr|Q7V3L8|Q7V3L8_PROMP,EC:2.7.7.101/7.3187
sp|Q7V3M5|ARGJ_PROMP,EC:2.3.1.35/4.4014
sp|Q7V3M6|COAE_PROMP,EC:2.7.1.24/3.5193
sp|Q7V3M8|NDK_PROMP,EC:2.7.4.6/4.1890
sp|Q7V3N0|SYA_PROMP,EC:6.1.1.7/3.2259
sp|Q7V3N7|GUAA_PROMP,EC:6.3.5.2/2.9454
tr|Q7V3P7|Q7V3P7_PROMP,EC:2.7.4.16/4.9774
sp|Q7V3P8|MURC_PROMP,EC:6.3.2.8/4.8044
sp|Q7V3P9|MURB_PROMP,EC:1.3.1.98/3.6561
sp|Q7V3Q3|DNAJ_PROMP,EC:2.7.11.12/7.9512
tr|Q7V3Q6|Q7V3Q6_PROMP,EC:1.3.1.91/4.9042,EC:4.1.1.111/8.6976
tr|Q7V3Q9|Q7V3Q9_PROMP,EC:2.7.1.164/9.2919
sp|Q7V3R5|PURL_PROMP,EC:6.3.5.3/4.5653
tr|Q93P09|Q93P09_PROMP,EC:1.10.3.9/6.0554
tr|Q93P10|Q93P10_PROMP,EC:1.10.3.9/4.2456
sp|Q9RC07|PSAB_PROMP,EC:1.97.1.12/3.3736
sp|Q9RC08|PSAA_PROMP,EC:1.97.1.12/3.6161
sp|P0A3A2|DNAA_PROMP,EC:2.7.13.3/9.0196
sp|P59830|ASPA_PROMP,EC:3.5.1.15/3.0200
sp|P59882|TRUB_PROMP,EC:5.4.99.25/3.5424
sp|P59907|PSBY_PROMP,EC:2.1.1.86/5.9628,EC:1.5.5.2/8.6266
tr|Q7TU16|Q7TU16_PROMP,EC:3.6.4.12/7.0573
sp|Q7TU18|GCST_PROMP,EC:2.1.2.10/4.7956
sp|Q7TU19|MNMG_PROMP,EC:1.3.5.1/8.4665
sp|Q7TU20|GCSH_PROMP,EC:2.3.1.12/8.7269,EC:1.13.11.50/9.1171
tr|Q7TU23|Q7TU23_PROMP,EC:5.4.4.1/8.9327
sp|Q7TU24|IF3_PROMP,EC:3.1.26.5/8.2134
sp|Q7TU27|RS19_PROMP,EC:3.1.26.5/7.4681
sp|Q7TU28|RS17_PROMP,EC:3.1.26.5/7.8475
sp|Q7TU29|RL14_PROMP,EC:3.1.26.5/7.9138
sp|Q7TU30|RL36_PROMP,EC:3.1.26.5/7.2674
tr|Q7TU35|Q7TU35_PROMP,EC:4.2.1.51/4.0408
sp|Q7TU38|RS20_PROMP,EC:3.1.26.5/8.2574
sp|Q7TU42|ATPE_PROMP,EC:2.7.7.6/8.8086
sp|Q7TU43|CH10_PROMP,EC:3.6.4.12/8.5939
sp|Q7TU56|PRMA_PROMP,EC:2.7.7.105/9.2574
tr|Q7TU59|Q7TU59_PROMP,EC:1.3.98.3/8.5026,EC:4.3.99.3/8.7680,EC:1.97.1.4/9.5925
tr|Q7TU61|Q7TU61_PROMP,EC:3.4.21.107/8.1458
tr|Q7TU62|Q7TU62_PROMP,EC:6.3.2.12/3.6507
sp|Q7TU64|TRPC_PROMP,EC:4.1.1.48/4.3716
sp|Q7TU65|RS16_PROMP,EC:3.1.26.5/8.0267
sp|Q7TU67|RS14_PROMP,EC:3.1.26.5/7.2427
tr|Q7TU77|Q7TU77_PROMP,EC:2.7.7.41/6.0956
tr|Q7TU82|Q7TU82_PROMP,EC:6.6.1.1/3.1756
sp|Q7TU88|RS21_PROMP,EC:3.1.26.5/6.4453
sp|Q7TU90|TRPD_PROMP,EC:2.4.2.18/4.6322
sp|Q7TU92|RS15_PROMP,EC:2.7.1.197/9.2254
sp|Q7TU94|PSB28_PROMP,EC:4.7.1.1/7.8754
sp|Q7TU96|HISZ_PROMP,EC:6.1.1.21/8.5110
sp|Q7TU99|RL33_PROMP,EC:4.2.1.2/7.9258
sp|Q7TUA0|RS18_PROMP,EC:5.6.2.2/8.7357
sp|Q7TUA3|FMT_PROMP,EC:2.1.2.9/4.0377
sp|Q7TUA7|HIS4_PROMP,EC:5.3.1.16/3.5047
sp|Q7TUA9|EFTS_PROMP,EC:2.7.7.6/7.8441
tr|Q7TUC3|Q7TUC3_PROMP,EC:2.5.1.49/2.4483
tr|Q7TUC6|Q7TUC6_PROMP,EC:1.12.98.3/7.4633
sp|Q7TUC8|TRPA_PROMP,EC:4.2.1.20/4.5615,EC:4.1.2.8/4.5784
tr|Q7TUD0|Q7TUD0_PROMP,EC:3.2.2.22/7.8657
tr|Q7TUD5|Q7TUD5_PROMP,EC:2.1.1.34/3.1265,EC:2.1.1.207/7.0263
tr|Q7TUD6|Q7TUD6_PROMP,EC:4.4.1.13/4.4232,EC:4.4.1.1/4.4905,EC:4.4.1.2/5.3263,EC:2.5.1.48/5.4179,EC:4.4.1.11/7.0534
tr|Q7TUD8|Q7TUD8_PROMP,EC:5.6.2.1/9.7983
tr|Q7TUE0|Q7TUE0_PROMP,EC:2.1.1.151/7.4225,EC:2.1.1.152/8.5530
tr|Q7TUE6|Q7TUE6_PROMP,EC:3.4.11.5/4.7262,EC:3.4.13.23/6.6842
sp|Q7TUF3|PETD_PROMP,EC:7.1.1.3/7.3853
tr|Q7TUF4|Q7TUF4_PROMP,EC:3.4.21.102/3.9950,EC:3.4.21.116/8.8573
sp|Q7TUF5|PSBM_PROMP,EC:2.1.1.86/7.8451
tr|Q7TUG5|Q7TUG5_PROMP,EC:3.2.2.21/7.0533
tr|Q7TUG8|Q7TUG8_PROMP,EC:2.4.2.19/5.7244
sp|Q7TUH0|TRPB_PROMP,EC:4.2.1.20/5.0720
tr|Q7TUH2|Q7TUH2_PROMP,EC:1.12.98.3/6.5576
tr|Q7TUH4|Q7TUH4_PROMP,EC:1.12.98.3/5.7996
tr|Q7TUH9|Q7TUH9_PROMP,EC:3.1.11.6/9.2815
tr|Q7TUI0|Q7TUI0_PROMP,EC:1.2.1.12/5.0166,EC:1.2.1.13/5.8265,EC:1.2.1.72/6.2509
sp|Q7TUI1|ARLY_PROMP,EC:4.3.2.1/2.6730
sp|Q7UZG0|ASSY_PROMP,EC:6.3.4.5/3.0013
sp|Q7UZG1|RS6_PROMP,EC:2.8.1.15/9.3561
sp|Q7UZG3|DNAK2_PROMP,EC:3.6.4.10/5.0643
tr|Q7UZG5|Q7UZG5_PROMP,EC:3.5.1.10/2.9538
tr|Q7UZG8|Q7UZG8_PROMP,EC:2.5.1.54/3.2621
tr|Q7UZH0|Q7UZH0_PROMP,EC:3.6.4.12/8.1343
tr|Q7UZH2|Q7UZH2_PROMP,EC:2.1.1.107/6.1318
tr|Q7UZJ0|Q7UZJ0_PROMP,EC:3.6.4.12/6.3784
sp|Q7UZJ1|RL9_PROMP,EC:3.1.26.5/8.4343
tr|Q7UZJ5|Q7UZJ5_PROMP,EC:1.4.4.2/4.1329
sp|Q7UZK1|RL20_PROMP,EC:3.1.26.5/6.6262
sp|Q7UZK2|RL35_PROMP,EC:1.1.7.1/9.4139
sp|Q7UZK6|CLPX_PROMP,EC:3.4.21.53/7.9838
sp|Q7UZK7|CLPP3_PROMP,EC:3.4.21.92/3.3375
sp|Q7UZL1|TILS_PROMP,EC:6.3.4.19/4.9855
tr|Q7UZL4|Q7UZL4_PROMP,EC:2.7.2.4/3.9940,EC:1.1.1.3/7.2476
sp|Q7UZL6|MUTS_PROMP,EC:3.6.4.12/7.2609
sp|Q7UZL7|RISB_PROMP,EC:2.5.1.78/2.9066
tr|Q7UZM2|Q7UZM2_PROMP,EC:2.3.1.30/4.0767
sp|Q7UZM6|FLUC2_PROMP,EC:3.2.1.31/8.6542
sp|Q7UZM7|FLUC1_PROMP,EC:3.4.23.36/8.7977
tr|Q7UZM8|Q7UZM8_PROMP,EC:3.1.4.59/8.6920
sp|Q7UZN3|SAHH_PROMP,EC:3.3.1.1/3.3255
tr|Q7UZN6|Q7UZN6_PROMP,EC:2.7.13.3/8.4879
sp|Q7UZP2|SSRP_PROMP,EC:3.1.26.5/9.2203
tr|Q7UZP8|Q7UZP8_PROMP,EC:2.2.1.1/4.1183,EC:2.2.1.3/7.0965
tr|Q7UZP9|Q7UZP9_PROMP,EC:2.3.1.179/4.0001,EC:2.3.1.41/8.0848
sp|Q7UZQ0|ACP_PROMP,EC:3.4.21.107/7.1561
sp|Q7UZQ3|RIMM_PROMP,EC:3.1.13.1/8.7699
tr|Q7UZQ7|Q7UZQ7_PROMP,EC:2.4.1.1/3.1298,EC:4.2.1.159/8.8855
tr|Q7UZR2|Q7UZR2_PROMP,EC:1.1.1.42/4.9808
sp|Q7UZR7|PUR5_PROMP,EC:6.3.3.1/4.3460
tr|Q7UZS4|Q7UZS4_PROMP,EC:3.4.21.107/9.1045
tr|Q7UZS7|Q7UZS7_PROMP,EC:3.4.23.2/7.3881
sp|Q7UZT0|CAPP_PROMP,EC:4.1.1.31/3.0529
tr|Q7UZT2|Q7UZT2_PROMP,EC:3.6.4.12/9.0094
sp|Q7UZU6|NDHN_PROMP,EC:3.2.2.22/7.9769
sp|Q7UZU7|RL3_PROMP,EC:4.4.1.24/7.7479
sp|Q7UZU8|RL4_PROMP,EC:3.1.26.5/8.1845
sp|Q7UZU9|RL23_PROMP,EC:3.1.26.5/7.4619
sp|Q7UZV0|RL2_PROMP,EC:3.1.21.10/10.2186
sp|Q7UZV1|RL22_PROMP,EC:3.1.26.5/9.2073
sp|Q7UZV3|RL16_PROMP,EC:3.1.21.10/8.8093
sp|Q7UZV4|RL29_PROMP,EC:1.2.1.73/9.0106
sp|Q7UZV5|RL24_PROMP,EC:3.1.26.5/7.4034
sp|Q7UZV6|RL5_PROMP,EC:3.1.26.5/7.7095
sp|Q7UZV7|RS8_PROMP,EC:3.1.26.5/8.8480
sp|Q7UZV8|RL6_PROMP,EC:2.7.7.6/8.4045
sp|Q7UZV9|RL18_PROMP,EC:3.1.26.5/7.8499
sp|Q7UZW1|RL15_PROMP,EC:2.7.7.6/9.0998
tr|Q7UZW2|Q7UZW2_PROMP,EC:1.12.98.3/9.0712
sp|Q7UZW5|RS11_PROMP,EC:3.1.26.5/8.2887
sp|Q7UZW7|RL17_PROMP,EC:3.1.26.5/6.8610
sp|Q7UZW8|RL13_PROMP,EC:3.1.26.5/7.7526
sp|Q7UZW9|RS9_PROMP,EC:3.1.21.10/8.6476
sp|Q7UZX0|RL31_PROMP,EC:7.1.1.1/8.3326
sp|Q7UZX1|RF1_PROMP,EC:6.1.1.7/7.9049
tr|Q7UZX5|Q7UZX5_PROMP,EC:2.1.1.86/8.4649
sp|Q7UZX6|PSAL_PROMP,EC:1.11.2.3/8.8186
tr|Q7UZY3|Q7UZY3_PROMP,EC:2.4.2.48/8.6635,EC:2.6.1.97/9.8189
sp|Q7UZY5|RS7_PROMP,EC:3.1.21.10/7.9638
sp|Q7UZY6|EFG_PROMP,EC:3.6.5.n1/5.6010
sp|Q7UZY7|EFTU_PROMP,EC:3.6.5.3/6.7070
sp|Q7UZY8|RS10_PROMP,EC:3.1.26.5/8.1770
tr|Q7UZZ4|Q7UZZ4_PROMP,EC:4.99.1.10/8.4085
sp|Q7UZZ9|IF2_PROMP,EC:3.6.4.12/8.2654
tr|Q7V001|Q7V001_PROMP,EC:2.7.7.8/8.7465
sp|Q7V002|RIMP_PROMP,EC:4.1.2.25/7.9399
tr|Q7V005|Q7V005_PROMP,EC:2.6.1.92/9.5014
sp|Q7V016|RSMG_PROMP,EC:2.1.1.170/4.8252,EC:2.4.1.56/8.3812
sp|Q7V028|CCS1_PROMP,EC:7.1.1.2/8.3821
sp|Q7V032|ATP6_PROMP,EC:7.1.1.2/8.8784
sp|Q7V034|ATPF2_PROMP,EC:2.7.1.191/9.0310
sp|Q7V035|ATPF_PROMP,EC:3.1.11.6/9.1216
sp|Q7V036|ATPD_PROMP,EC:2.7.7.6/8.0313
sp|Q7V038|ATPG_PROMP,EC:1.12.98.3/8.9492
tr|Q7V043|Q7V043_PROMP,EC:2.7.7.18/5.1660
sp|Q7V048|RRP3_PROMP,EC:4.2.3.38/8.2655
tr|Q7V050|Q7V050_PROMP,EC:7.1.1.2/8.7108
tr|Q7V052|Q7V052_PROMP,EC:2.4.2.9/4.7312
sp|Q7V054|RPOZ_PROMP,EC:2.7.7.6/7.3542
tr|Q7V089|Q7V089_PROMP,EC:3.6.1.9/8.2604
tr|Q7V0B5|Q7V0B5_PROMP,EC:1.1.1.95/2.8878,EC:1.1.1.399/3.1967
sp|Q7V0C1|RL27_PROMP,EC:3.1.21.10/9.2661
sp|Q7V0C2|RL21_PROMP,EC:3.1.26.5/8.4554
sp|Q7V0C3|KAIB_PROMP,EC:2.6.1.45/8.8406
tr|Q7V0C5|Q7V0C5_PROMP,EC:2.7.13.3/4.8271
tr|Q7V0C6|Q7V0C6_PROMP,EC:6.3.4.13/3.7827
sp|Q7V0C7|PUR7_PROMP,EC:6.3.2.6/3.4239
tr|Q7V0D2|Q7V0D2_PROMP,EC:2.4.1.182/5.0291
tr|Q7V0D3|Q7V0D3_PROMP,EC:1.8.4.11/5.9366
tr|Q7V0E9|Q7V0E9_PROMP,EC:2.7.8.26/7.5438
sp|Q7V0F1|CLPP2_PROMP,EC:3.4.21.92/2.4943
tr|Q7V0G2|Q7V0G2_PROMP,EC:1.8.1.4/4.6783,EC:1.16.1.1/7.2204,EC:1.6.2.6/8.2369
tr|Q7V0H0|Q7V0H0_PROMP,EC:1.2.4.1/4.3351
tr|Q7V0H6|Q7V0H6_PROMP,EC:1.3.1.98/9.3659
sp|Q7V0I6|SURE_PROMP,EC:3.1.3.5/3.1976
sp|Q7V0J3|OTC_PROMP,EC:2.1.3.3/3.8228
tr|Q7V0J5|Q7V0J5_PROMP,EC:1.1.1.22/4.3937,EC:1.1.1.336/8.2060
tr|Q7V0J6|Q7V0J6_PROMP,EC:4.2.1.46/7.0559
tr|Q7V0M3|Q7V0M3_PROMP,EC:1.1.1.364/9.2188
tr|Q7V0N8|Q7V0N8_PROMP,EC:2.7.1.167/8.4204
tr|Q7V0P2|Q7V0P2_PROMP,EC:3.1.3.83/6.0670
tr|Q7V0P7|Q7V0P7_PROMP,EC:5.1.3.2/4.0487
tr|Q7V0P8|Q7V0P8_PROMP,EC:4.2.1.47/4.3629,EC:1.1.1.281/9.6331
tr|Q7V0R0|Q7V0R0_PROMP,EC:2.7.7.13/4.7180
tr|Q7V0R3|Q7V0R3_PROMP,EC:2.1.1.198/4.5738
tr|Q7V0R6|Q7V0R6_PROMP,EC:3.4.21.107/8.6946
sp|Q7V0R8|YIDC_PROMP,EC:1.8.1.8/9.2329,EC:5.2.1.14/9.7017
tr|Q7V0S0|Q7V0S0_PROMP,EC:3.1.26.5/3.4928
sp|Q7V0S1|RL34_PROMP,EC:3.1.26.5/9.2188
tr|Q7V0S3|Q7V0S3_PROMP,EC:5.4.99.5/9.2121
sp|Q7V0T8|SYGA_PROMP,EC:6.1.1.14/3.9324
sp|Q7V0U2|COBQ_PROMP,EC:6.3.5.11/5.1605
sp|Q7V0U3|NTPP_PROMP,EC:3.6.1.9/3.9960
sp|Q7V0U6|YCF4_PROMP,EC:1.2.1.n2/9.2027,EC:2.4.2.46/9.2642
tr|Q7V0U7|Q7V0U7_PROMP,EC:5.2.1.8/7.1790
tr|Q7V0V2|Q7V0V2_PROMP,EC:1.8.1.9/5.2604
tr|Q7V0V6|Q7V0V6_PROMP,EC:7.1.1.1/7.0307
tr|Q7V0V7|Q7V0V7_PROMP,EC:7.1.1.1/5.1657
tr|Q7V0W2|Q7V0W2_PROMP,EC:2.7.7.7/4.9465
tr|Q7V0W4|Q7V0W4_PROMP,EC:3.6.5.3/7.9639
sp|Q7V0X5|APT_PROMP,EC:2.4.2.7/3.6509
tr|Q7V0X9|Q7V0X9_PROMP,EC:5.2.1.13/6.9161
tr|Q7V0Z1|Q7V0Z1_PROMP,EC:3.6.4.12/7.0285
sp|Q7V0Z7|RECR_PROMP,EC:3.6.4.12/6.4778,EC:2.7.1.199/7.5856
sp|Q7V100|TRHO_PROMP,EC:1.20.4.1/7.6901
sp|Q7V102|ISPT_PROMP,EC:2.5.1.31/5.5364,EC:2.5.1.142/7.4206
tr|Q7V106|Q7V106_PROMP,EC:3.4.21.53/7.0249
tr|Q7V110|Q7V110_PROMP,EC:2.4.1.25/4.5243
sp|Q7V113|SASA_PROMP,EC:2.7.13.3/5.3358,EC:2.3.1.85/8.1815
tr|Q7V115|Q7V115_PROMP,EC:1.18.1.2/5.3769
sp|Q7V129|PETG_PROMP,EC:2.1.1.86/6.7219,EC:3.4.17.6/7.9416
tr|Q7V131|Q7V131_PROMP,EC:2.1.1.177/6.2064,EC:2.1.1.200/6.3599,EC:2.1.1.34/7.5598,EC:2.1.1.207/8.5566
tr|Q7V133|Q7V133_PROMP,EC:6.3.3.2/4.1127,EC:2.1.2.5/8.0462,EC:4.3.1.4/9.2110
tr|Q7V174|Q7V174_PROMP,EC:1.3.1.91/7.2515
tr|Q7V180|Q7V180_PROMP,EC:3.4.11.2/6.3757
sp|Q7V1B0|UREG_PROMP,EC:6.3.3.3/8.7582
sp|Q7V1B1|UREF_PROMP,EC:3.5.3.6/9.3501
sp|Q7V1B2|UREE_PROMP,EC:6.1.1.26/8.9634
sp|Q7V1B3|URED_PROMP,EC:6.2.1.35/8.9681
sp|Q7V1B4|URE3_PROMP,EC:3.5.1.5/5.6549
sp|Q7V1B5|URE2_PROMP,EC:3.5.1.5/4.8204
tr|Q7V1C4|Q7V1C4_PROMP,EC:1.8.4.11/4.8808
tr|Q7V1C8|Q7V1C8_PROMP,EC:3.1.26.5/9.2189
sp|Q7V1D0|GATA_PROMP,EC:6.3.5.7/3.3532,EC:3.5.1.4/8.2707
tr|Q7V1D1|Q7V1D1_PROMP,EC:2.7.7.7/6.0594
sp|Q7V1D3|RUVA_PROMP,EC:3.6.4.12/4.7320
tr|Q7V1D6|Q7V1D6_PROMP,EC:2.7.7.101/3.9403
sp|Q7V1D9|RLMH_PROMP,EC:2.1.1.177/4.5873
tr|Q7V1E4|Q7V1E4_PROMP,EC:1.2.4.1/5.6756
tr|Q7V1E5|Q7V1E5_PROMP,EC:7.2.2.10/8.6449
tr|Q7V1E6|Q7V1E6_PROMP,EC:7.6.2.2/8.2498
tr|Q7V1F3|Q7V1F3_PROMP,EC:6.3.1.2/4.1068
tr|Q7V1F4|Q7V1F4_PROMP,EC:2.6.1.51/5.7395
tr|Q7V1G1|Q7V1G1_PROMP,EC:2.7.1.40/4.2760
tr|Q7V1G5|Q7V1G5_PROMP,EC:4.3.1.19/4.9258
sp|Q7V1H0|RL28_PROMP,EC:3.1.26.5/8.2305
tr|Q7V1H2|Q7V1H2_PROMP,EC:3.1.3.25/4.6722
sp|Q7V1H4|DNAK1_PROMP,EC:3.6.4.10/6.7488
tr|Q7V1H7|Q7V1H7_PROMP,EC:5.2.1.8/6.4111
sp|Q7V1I2|SYL_PROMP,EC:6.1.1.4/3.5407
sp|Q7V1I9|UVRC_PROMP,EC:3.1.26.12/7.8564
tr|Q7V1K4|Q7V1K4_PROMP,EC:2.1.1.207/3.2021,EC:2.1.1.34/6.8882
sp|Q7V1L2|RL32_PROMP,EC:3.1.26.5/8.3914
sp|Q7V1M1|ACSF_PROMP,EC:1.14.13.81/4.0231
tr|Q7V1M5|Q7V1M5_PROMP,EC:3.6.4.12/7.3968
tr|Q7V1N2|Q7V1N2_PROMP,EC:4.2.3.59/9.4733
tr|Q7V1N3|Q7V1N3_PROMP,EC:2.5.1.15/3.1611
tr|Q7V1P0|Q7V1P0_PROMP,EC:1.12.98.3/7.9645
tr|Q7V1Q2|Q7V1Q2_PROMP,EC:1.16.3.1/5.3826,EC:1.16.3.2/6.3774,EC:1.14.13.7/9.0942
tr|Q7V1Q4|Q7V1Q4_PROMP,EC:4.2.99.18/6.1694
tr|Q7V1Q8|Q7V1Q8_PROMP,EC:2.7.8.5/5.6660
sp|Q7V1R4|YQGF_PROMP,EC:2.3.2.22/8.4296
sp|Q7V1R8|LPXD_PROMP,EC:2.3.1.191/4.2786
tr|Q7V1S0|Q7V1S0_PROMP,EC:2.7.1.19/4.1776
tr|Q7V1S4|Q7V1S4_PROMP,EC:4.1.2.13/4.4525
tr|Q7V1S6|Q7V1S6_PROMP,EC:2.7.7.6/7.9498
tr|Q7V1T4|Q7V1T4_PROMP,EC:3.1.1.31/5.0810
tr|Q7V1T6|Q7V1T6_PROMP,EC:2.7.7.27/4.2548
tr|Q7V1T9|Q7V1T9_PROMP,EC:5.1.3.1/5.3619
sp|Q7V1U0|CCSA_PROMP,EC:7.1.1.9/8.9132
tr|Q7V1U5|Q7V1U5_PROMP,EC:1.3.1.83/4.9123,EC:1.3.99.38/8.2119,EC:1.3.7.11/8.3553,EC:1.3.1.101/9.5031,EC:1.14.15.21/10.0072
tr|Q7V1U6|Q7V1U6_PROMP,EC:6.1.1.14/5.1927
tr|Q7V1U8|Q7V1U8_PROMP,EC:3.4.13.22/5.4551
tr|Q7V1U9|Q7V1U9_PROMP,EC:3.6.4.12/7.2976
sp|Q7V1V0|RS2_PROMP,EC:6.6.1.2/9.8914,EC:2.1.1.179/9.8919
sp|Q7V1W0|CLPP1_PROMP,EC:3.4.21.92/2.5873
sp|Q7V1W1|THF1_PROMP,EC:2.1.1.148/7.4528
sp|Q7V1W2|PETN_PROMP,EC:2.1.1.86/6.1292
tr|Q7V1X0|Q7V1X0_PROMP,EC:6.5.1.1/4.6270,EC:2.4.99.16/8.8756
tr|Q7V1X4|Q7V1X4_PROMP,EC:7.2.2.8/9.6024
tr|Q7V1X5|Q7V1X5_PROMP,EC:7.2.2.8/9.2895
tr|Q7V1Y2|Q7V1Y2_PROMP,EC:1.2.1.72/5.8035
tr|Q7V213|Q7V213_PROMP,EC:2.5.1.72/3.6615
tr|Q7V216|Q7V216_PROMP,EC:3.2.2.28/7.9557,EC:3.2.2.27/8.3860
tr|Q7V217|Q7V217_PROMP,EC:2.6.1.78/3.4543
tr|Q7V223|Q7V223_PROMP,EC:2.1.1.193/5.2080
sp|Q7V226|HSLO_PROMP,EC:2.7.7.6/9.8097
tr|Q7V228|Q7V228_PROMP,EC:3.6.5.n1/7.5463
tr|Q7V232|Q7V232_PROMP,EC:5.4.99.21/3.4165
tr|Q7V242|Q7V242_PROMP,EC:4.99.1.3/6.4384
sp|Q7V263|SYH_PROMP,EC:6.1.1.21/3.5596
tr|Q7V271|Q7V271_PROMP,EC:2.3.2.22/8.4759
sp|Q7V275|GLGA_PROMP,EC:2.4.1.21/2.8959
tr|Q7V278|Q7V278_PROMP,EC:3.4.21.89/5.3252
sp|Q7V289|KHSE_PROMP,EC:2.7.1.39/4.0450
tr|Q7V290|Q7V290_PROMP,EC:3.4.24.70/4.8878
tr|Q7V292|Q7V292_PROMP,EC:4.1.2.25/4.5755
sp|Q7V293|PROA_PROMP,EC:1.2.1.41/5.2522
sp|Q7V2A3|CLPB_PROMP,EC:3.4.21.53/7.4186
tr|Q7V2A4|Q7V2A4_PROMP,EC:4.1.2.50/6.0236,EC:4.2.3.12/9.2378
tr|Q7V2B4|Q7V2B4_PROMP,EC:1.8.1.7/4.3245,EC:1.8.1.4/6.9653
sp|Q7V2C0|HIS1_PROMP,EC:2.4.2.17/5.0819
tr|Q7V2C1|Q7V2C1_PROMP,EC:3.1.2.6/2.9950
sp|Q7V2C5|CSS4B_PROMP,EC:2.7.7.6/8.2957
sp|Q7V2C6|CSS4A_PROMP,EC:3.1.26.5/8.7619,EC:4.4.1.24/8.8339
tr|Q7V2D8|Q7V2D8_PROMP,EC:1.3.1.33/6.3227
sp|Q7V2E0|PSAM_PROMP,EC:2.1.1.86/6.4587,EC:1.5.5.2/8.6854,EC:1.5.5.3/8.8606
tr|Q7V2E3|Q7V2E3_PROMP,EC:5.3.1.24/6.2401
tr|Q7V2E4|Q7V2E4_PROMP,EC:3.5.4.16/5.2817
tr|Q7V2E7|Q7V2E7_PROMP,EC:1.2.1.80/4.5913,EC:1.1.1.309/10.6777
tr|Q7V2E8|Q7V2E8_PROMP,EC:4.1.99.5/5.1360
tr|Q7V2F2|Q7V2F2_PROMP,EC:2.4.2.28/5.3241
tr|Q7V2F4|Q7V2F4_PROMP,EC:2.2.1.6/4.8664
sp|Q7V2F9|RRF_PROMP,EC:3.6.4.12/8.1843
tr|Q7V2G7|Q7V2G7_PROMP,EC:3.4.21.89/6.2222
sp|Q7V2H0|SYP_PROMP,EC:6.1.1.15/3.5176
tr|Q7V2I2|Q7V2I2_PROMP,EC:3.6.1.1/3.9446
tr|Q7V2I3|Q7V2I3_PROMP,EC:3.4.17.19/5.9213
sp|Q7V2I5|PHS_PROMP,EC:4.2.1.96/3.6437
tr|Q7V2J2|Q7V2J2_PROMP,EC:3.1.11.2/4.9477
sp|Q7V2K1|RL19_PROMP,EC:3.1.26.5/9.0778
tr|Q7V2K7|Q7V2K7_PROMP,EC:2.1.1.86/7.6615
sp|Q7V2K8|PSAJ_PROMP,EC:1.11.1.7/8.3864
sp|Q7V2K9|KGUA_PROMP,EC:2.7.4.8/3.0880
tr|Q7V2L2|Q7V2L2_PROMP,EC:2.3.1.269/7.7186
sp|Q7V2L6|LGT_PROMP,EC:2.5.1.145/5.0520
tr|Q7V2L9|Q7V2L9_PROMP,EC:2.5.1.39/7.5120
sp|Q7V2M1|ISPD_PROMP,EC:2.7.7.60/4.0034
tr|Q7V2M2|Q7V2M2_PROMP,EC:1.1.1.100/3.8654
tr|Q7V2M9|Q7V2M9_PROMP,EC:7.1.1.9/6.0328
tr|Q7V2N1|Q7V2N1_PROMP,EC:7.1.1.9/6.2122
tr|Q7V2P1|Q7V2P1_PROMP,EC:2.1.1.329/5.1257
tr|Q7V2P5|Q7V2P5_PROMP,EC:3.4.16.4/4.4345
tr|Q7V2P6|Q7V2P6_PROMP,EC:2.1.1.176/5.8875
sp|Q7V2Q1|LEPA_PROMP,EC:3.6.5.n1/1.6035
sp|Q7V2Q2|MQO_PROMP,EC:1.1.5.4/5.3657
tr|Q7V2Q5|Q7V2Q5_PROMP,EC:2.1.1.137/7.8448,EC:2.1.1.9/9.5207
sp|Q7V2R1|RS4_PROMP,EC:2.7.7.6/8.2970
tr|Q7V2R2|Q7V2R2_PROMP,EC:2.5.1.47/3.2917,EC:4.5.1.5/4.7912,EC:4.4.1.9/5.3558,EC:2.6.99.3/6.7081
sp|Q7V2R3|QUEA_PROMP,EC:2.4.99.17/3.9790
tr|Q7V2R4|Q7V2R4_PROMP,EC:2.3.1.12/3.5544
tr|Q7V2R9|Q7V2R9_PROMP,EC:3.4.22.45/8.8603
tr|Q7V2S0|Q7V2S0_PROMP,EC:4.1.2.4/8.2751
tr|Q7V2S1|Q7V2S1_PROMP,EC:1.5.1.2/4.5099
sp|Q7V2S2|SEPF_PROMP,EC:2.7.1.199/8.5809
sp|Q7V2S6|DER_PROMP,EC:4.2.1.75/9.0409
tr|Q7V2T9|Q7V2T9_PROMP,EC:1.8.1.8/8.5042,EC:3.4.24.84/8.8096
sp|Q7V2U0|CYNS_PROMP,EC:4.2.1.104/3.6146
tr|Q7V2W2|Q7V2W2_PROMP,EC:3.1.11.6/9.0290
sp|Q7V2X3|PSAE_PROMP,EC:2.1.1.265/8.3311
sp|Q7V2X6|CYB6_PROMP,EC:7.1.1.9/7.9853,EC:1.7.5.1/8.2106
sp|Q7V2X8|MINC_PROMP,EC:5.3.1.34/8.8766
tr|Q7V2X9|Q7V2X9_PROMP,EC:2.7.13.3/8.7862
sp|Q7V2Y0|MINE_PROMP,EC:2.7.7.6/9.0730
tr|Q7V2Y2|Q7V2Y2_PROMP,EC:2.1.1.297/3.7285
sp|Q7V2Y5|PSBT_PROMP,EC:2.1.1.86/8.2519
sp|Q7V2Y6|NRDR_PROMP,EC:2.7.7.6/6.6529
sp|Q7V2Z2|CPES_PROMP,EC:3.1.2.2/9.2224
tr|Q7V2Z4|Q7V2Z4_PROMP,EC:3.6.4.12/6.3398
sp|Q7V2Z7|PSBJ_PROMP,EC:2.1.1.86/7.7526
sp|Q7V2Z8|PSBL_PROMP,EC:1.2.1.82/9.1723,EC:1.11.2.3/9.2680
sp|Q7V301|YCF48_PROMP,EC:1.4.9.1/8.9118,EC:3.2.1.36/9.3277
tr|Q7V305|Q7V305_PROMP,EC:6.3.2.5/9.5736
tr|Q7V308|Q7V308_PROMP,EC:2.7.6.3/4.6254
tr|Q7V310|Q7V310_PROMP,EC:4.1.99.3/4.1432
tr|Q7V313|Q7V313_PROMP,EC:1.3.1.9/5.3990
sp|Q7V314|HIS7_PROMP,EC:4.2.1.19/3.2352
tr|Q7V320|Q7V320_PROMP,EC:2.4.2.10/4.2539
sp|Q7V323|PSBK_PROMP,EC:3.4.17.6/7.8299
tr|Q7V330|Q7V330_PROMP,EC:1.7.2.5/8.8591
tr|Q7V337|Q7V337_PROMP,EC:4.2.1.33/4.9380
sp|Q7V339|PSBI_PROMP,EC:1.1.5.2/8.1665
sp|Q7V340|PSBN_PROMP,EC:4.2.1.152/9.0945
sp|Q7V341|PSBH_PROMP,EC:2.1.1.86/6.6936
sp|Q7V342|PTH_PROMP,EC:3.1.1.29/3.0567
sp|Q7V350|TRMB_PROMP,EC:2.1.1.33/4.5026
sp|Q7V354|GATC_PROMP,EC:5.3.3.2/8.5965
sp|Q7V355|PYRB_PROMP,EC:2.1.3.2/5.6481
tr|Q7V360|Q7V360_PROMP,EC:3.2.2.22/8.1759,EC:1.4.9.1/8.7354
tr|Q7V361|Q7V361_PROMP,EC:2.7.7.4/6.2438
tr|Q7V370|Q7V370_PROMP,EC:4.2.1.24/2.1464
tr|Q7V378|Q7V378_PROMP,EC:3.4.21.53/6.0698
tr|Q7V379|Q7V379_PROMP,EC:7.2.4.2/9.2379
tr|Q7V380|Q7V380_PROMP,EC:2.7.7.6/7.7865
sp|Q7V381|RL11_PROMP,EC:2.7.7.6/9.0479
sp|Q7V382|RL1_PROMP,EC:3.1.26.5/9.4395
sp|Q7V383|RL10_PROMP,EC:2.7.1.191/9.6196
sp|Q7V384|RL7_PROMP,EC:1.2.5.3/8.3377
tr|Q7V385|Q7V385_PROMP,EC:3.1.26.4/6.5476
tr|Q7V387|Q7V387_PROMP,EC:4.1.1.81/5.7434
sp|Q7V390|PGK_PROMP,EC:2.7.2.3/3.0544
tr|Q7V391|Q7V391_PROMP,EC:1.4.1.2/10.1307
tr|Q7V392|Q7V392_PROMP,EC:5.4.99.23/2.8872
sp|Q7V396|SYR_PROMP,EC:6.1.1.19/4.7159
tr|Q7V397|Q7V397_PROMP,EC:2.6.1.9/4.9836
tr|Q7V3A0|Q7V3A0_PROMP,EC:2.7.1.66/5.4319
sp|Q7V3A1|YBEY_PROMP,EC:1.3.7.5/8.9229
tr|Q7V3A3|Q7V3A3_PROMP,EC:5.2.1.8/7.9794
tr|Q7V3A5|Q7V3A5_PROMP,EC:5.4.4.2/4.3684
tr|Q7V3A6|Q7V3A6_PROMP,EC:2.5.1.130/5.9451,EC:2.5.1.74/6.5048
sp|Q7V3A9|DNCH_PROMP,EC:3.1.2.28/3.2987,EC:3.1.2.23/10.0475
sp|Q7V3B1|RSMH_PROMP,EC:2.1.1.199/3.7251
tr|Q7V3B5|Q7V3B5_PROMP,EC:5.4.99.18/2.9314
tr|Q7V3C0|Q7V3C0_PROMP,EC:2.3.3.5/4.3547
sp|Q7V3D1|NDHM_PROMP,EC:1.3.7.5/7.3290,EC:2.5.1.83/7.5205
tr|Q7V3D2|Q7V3D2_PROMP,EC:1.3.5.5/4.7578,EC:1.3.5.6/7.7260,EC:1.3.99.39/8.5347
tr|Q7V3D9|Q7V3D9_PROMP,EC:2.3.1.39/4.2022
tr|Q7V3E3|Q7V3E3_PROMP,EC:3.6.4.12/6.9748,EC:1.17.5.2/8.7435
sp|Q7V3E4|YCF3_PROMP,EC:1.4.3.2/7.5124,EC:4.2.3.58/7.7532,EC:4.2.3.80/7.8587,EC:4.2.3.66/8.1404
sp|Q7V3E6|KTHY_PROMP,EC:2.7.4.9/3.8100
tr|Q7V3F2|Q7V3F2_PROMP,EC:2.5.1.47/4.9762,EC:4.4.1.9/5.3775,EC:2.6.99.3/6.9564
tr|Q7V3G0|Q7V3G0_PROMP,EC:1.3.5.6/6.4677,EC:1.3.5.5/8.9070
tr|Q7V3G2|Q7V3G2_PROMP,EC:4.2.1.75/3.7732
sp|Q7V3G3|RBFA_PROMP,EC:2.7.13.3/8.1328
tr|Q7V3G9|Q7V3G9_PROMP,EC:4.1.2.50/4.9487,EC:4.2.3.12/7.0872,EC:4.1.2.59/9.1081
tr|Q7V3H5|Q7V3H5_PROMP,EC:1.4.3.16/4.0789
tr|Q7V3J5|Q7V3J5_PROMP,EC:2.7.1.33/6.5554
tr|Q7V3J8|Q7V3J8_PROMP,EC:3.6.4.12/6.1259
tr|Q7V3K5|Q7V3K5_PROMP,EC:2.8.1.7/5.0429
sp|Q7V3K7|DEF_PROMP,EC:3.5.1.88/4.4969
sp|Q7V3L3|PSBX_PROMP,EC:2.1.1.86/7.3851,EC:2.1.3.1/7.4783,EC:7.2.4.3/8.2823
sp|Q7V3M7|GATB_PROMP,EC:6.1.1.3/8.1514
sp|Q7V3M9|SPEA_PROMP,EC:4.1.1.19/4.3609
sp|Q7V3N8|CBID_PROMP,EC:2.1.1.195/4.3647
sp|Q7V3P5|EFP_PROMP,EC:3.6.4.12/7.7322
sp|Q7V3Q0|Y020_PROMP,EC:2.1.1.86/8.4760
tr|Q7V3Q1|Q7V3Q1_PROMP,EC:1.14.13.39/8.9557
sp|Q7V3Q4|GRPE_PROMP,EC:2.3.2.27/7.9524
tr|Q7V3R4|Q7V3R4_PROMP,EC:5.6.2.2/4.3943
tr|Q7V3R7|Q7V3R7_PROMP,EC:3.1.11.2/8.1272
tr|Q8GBX9|Q8GBX9_PROMP,EC:3.2.1.26/8.4023
sp|Q93SN7|PEBB_PROMP,EC:1.3.7.3/4.0693
sp|Q93SN8|PEBA_PROMP,EC:1.3.7.2/3.3954
sp|Q93TL5|PCYA_PROMP,EC:1.3.7.5/5.0064
tr|A8WI02|A8WI02_PROMP,EC:5.4.99.5/7.1727
tr|A8WI04|A8WI04_PROMP,EC:4.2.3.38/7.9568
tr|A8WI05|A8WI05_PROMP,EC:1.12.2.1/8.5130
tr|A8WI06|A8WI06_PROMP,EC:1.11.1.24/8.3352
tr|A8WI07|A8WI07_PROMP,EC:1.1.5.2/7.9020,EC:1.8.5.2/8.8003
tr|A8WI08|A8WI08_PROMP,EC:1.4.3.2/7.9289
tr|A8WI19|A8WI19_PROMP,EC:1.14.19.61/9.7558,EC:1.14.19.75/9.8548
tr|A8WI20|A8WI20_PROMP,EC:5.4.99.5/6.6534
tr|A8WI21|A8WI21_PROMP,EC:1.3.7.3/9.1191
tr|A8WI22|A8WI22_PROMP,EC:3.1.1.4/7.1715
tr|A8WI23|A8WI23_PROMP,EC:2.3.1.48/8.2191
tr|A8WI24|A8WI24_PROMP,EC:2.7.7.67/8.3727
tr|A8WI25|A8WI25_PROMP,EC:5.4.99.5/7.2606
tr|A8WI26|A8WI26_PROMP,EC:4.2.3.32/8.2181
tr|A8WI27|A8WI27_PROMP,EC:3.4.17.6/8.4333
tr|A8WI28|A8WI28_PROMP,EC:1.16.1.7/7.5080
tr|A8WI29|A8WI29_PROMP,EC:1.3.7.5/8.0543,EC:1.3.7.12/8.4312
tr|A8WI30|A8WI30_PROMP,EC:2.1.1.86/9.1051,EC:3.4.17.6/9.1637
tr|A8WI31|A8WI31_PROMP,EC:2.1.1.86/8.5615,EC:2.4.1.384/8.6150
tr|A8WI32|A8WI32_PROMP,EC:3.1.1.4/6.0623
tr|A8WI33|A8WI33_PROMP,EC:3.1.1.4/6.3454
tr|A8WI34|A8WI34_PROMP,EC:5.5.1.12/7.6091
tr|A8WI35|A8WI35_PROMP,EC:2.1.1.86/6.0033
tr|A8WI36|A8WI36_PROMP,EC:1.4.3.2/7.2340,EC:4.2.3.38/7.8534
tr|A8WI37|A8WI37_PROMP,EC:4.2.3.140/8.3844,EC:3.5.1.56/8.5072,EC:2.5.1.30/8.5098
tr|A8WI38|A8WI38_PROMP,EC:2.7.7.88/8.4335
tr|A8WI39|A8WI39_PROMP,EC:4.2.1.2/8.4621
tr|A8WI40|A8WI40_PROMP,EC:5.2.1.4/8.0798
tr|A8WI41|A8WI41_PROMP,EC:1.4.3.2/7.2739
tr|A8WI42|A8WI42_PROMP,EC:3.1.1.4/6.8092,EC:2.6.1.45/7.2127
tr|A8WI43|A8WI43_PROMP,EC:3.1.1.32/8.2733
tr|A8WI44|A8WI44_PROMP,EC:1.18.6.1/7.7275
tr|A8WI45|A8WI45_PROMP,EC:1.12.1.2/8.2283
tr|A8WI46|A8WI46_PROMP,EC:3.1.4.35/8.0905
tr|A8WI47|A8WI47_PROMP,EC:4.1.1.44/7.3034
tr|A8WI48|A8WI48_PROMP,EC:1.1.5.2/8.6079
tr|A8WI49|A8WI49_PROMP,EC:3.4.17.6/8.4394,EC:2.4.2.47/8.8150
tr|A8WI50|A8WI50_PROMP,EC:4.2.1.133/7.9359
tr|A8WI51|A8WI51_PROMP,EC:1.12.1.2/7.2880,EC:4.2.3.38/7.4449
tr|A8WI52|A8WI52_PROMP,EC:2.6.1.1/7.5220
tr|A8WI53|A8WI53_PROMP,EC:1.12.7.2/8.2990
tr|A8WI54|A8WI54_PROMP,EC:2.1.1.72/4.1928
tr|A8WI55|A8WI55_PROMP,EC:3.4.22.65/7.9995,EC:5.2.1.4/8.1102
tr|A8WI56|A8WI56_PROMP,EC:3.2.2.22/7.0799,EC:4.2.3.59/7.7815
tr|A8WI57|A8WI57_PROMP,EC:3.1.1.4/7.4534
tr|A8WI58|A8WI58_PROMP,EC:3.1.21.8/9.4344
tr|A8WI63|A8WI63_PROMP,EC:4.2.3.29/9.1100,EC:4.2.3.99/9.1100,EC:4.2.3.34/9.5765
tr|A8WI64|A8WI64_PROMP,EC:4.2.3.38/7.6197,EC:3.4.23.2/7.7255
tr|A8WI65|A8WI65_PROMP,EC:2.6.1.1/8.5829
tr|A8WI66|A8WI66_PROMP,EC:3.1.1.4/7.6534
tr|A8WI67|A8WI67_PROMP,EC:3.2.2.6/7.7194
tr|A8WI69|A8WI69_PROMP,EC:1.12.1.2/7.4949,EC:1.14.13.244/8.1120,EC:6.4.1.6/8.2501,EC:6.4.1.8/8.3115
tr|A8WI72|A8WI72_PROMP,EC:1.4.3.2/7.2423
tr|A8WI73|A8WI73_PROMP,EC:2.7.7.48/8.1724,EC:2.1.1.258/8.5518
tr|A8WI74|A8WI74_PROMP,EC:2.4.2.47/8.0323
tr|A8WI75|A8WI75_PROMP,EC:2.1.1.86/7.4901
tr|A8WI76|A8WI76_PROMP,EC:1.4.3.2/7.4682
tr|A8WI77|A8WI77_PROMP,EC:2.1.1.86/7.0115,EC:1.1.2.7/8.5824
tr|A8WI78|A8WI78_PROMP,EC:2.1.1.86/7.9411
tr|A8WI79|A8WI79_PROMP,EC:3.4.23.4/7.9018
tr|A8WI80|A8WI80_PROMP,EC:2.1.1.86/7.4519
tr|A8WI81|A8WI81_PROMP,EC:5.4.99.5/7.6444
tr|A8WI82|A8WI82_PROMP,EC:1.11.1.26/8.4237
tr|A8WI83|A8WI83_PROMP,EC:2.2.1.2/8.3916,EC:3.4.17.6/9.1134
tr|A8WI84|A8WI84_PROMP,EC:2.5.1.151/7.9689,EC:1.16.1.6/7.9689,EC:1.14.13.244/8.1983
tr|A8WI85|A8WI85_PROMP,EC:5.4.99.5/8.0224
tr|A8WI86|A8WI86_PROMP,EC:1.23.5.1/8.3050
tr|A8WI87|A8WI87_PROMP,EC:2.6.1.1/8.1817
tr|A8WI88|A8WI88_PROMP,EC:7.1.1.7/8.0189
tr|A8WI89|A8WI89_PROMP,EC:5.4.99.5/7.5855,EC:4.1.1.44/7.8737
tr|A8WI90|A8WI90_PROMP,EC:3.4.22.28/8.6312
tr|A8WI91|A8WI91_PROMP,EC:2.1.1.86/7.7702,EC:2.4.1.384/8.9657
tr|A8WI92|A8WI92_PROMP,EC:2.1.1.86/8.0207,EC:3.4.17.6/8.4916
tr|A8WI93|A8WI93_PROMP,EC:5.4.99.5/7.8939
tr|A8WI94|A8WI94_PROMP,EC:1.3.7.3/7.3891
tr|A8WI95|A8WI95_PROMP,EC:2.1.1.86/6.8930,EC:4.2.3.59/8.0123
tr|A8WI96|A8WI96_PROMP,EC:2.5.1.18/8.5116
tr|A8WI98|A8WI98_PROMP,EC:3.1.1.4/8.3665
tr|A8WI99|A8WI99_PROMP,EC:5.4.99.5/8.0542
tr|A8WIA0|A8WIA0_PROMP,EC:5.4.99.5/6.7855
tr|A8WIA1|A8WIA1_PROMP,EC:3.2.1.4/8.3420
tr|A8WIA2|A8WIA2_PROMP,EC:5.4.99.5/7.2375
tr|A8WIA3|A8WIA3_PROMP,EC:5.4.99.5/7.1420
tr|A8WIA4|A8WIA4_PROMP,EC:5.4.99.5/8.4746
tr|A8WIA5|A8WIA5_PROMP,EC:1.3.7.5/7.4662,EC:2.5.1.83/7.9923
tr|A8WIA6|A8WIA6_PROMP,EC:5.4.99.5/7.3156
tr|A8WIA7|A8WIA7_PROMP,EC:3.1.1.74/7.8377
tr|A8WIA8|A8WIA8_PROMP,EC:5.3.99.2/8.3031
tr|A8WIA9|A8WIA9_PROMP,EC:2.3.1.263/9.2507
tr|A8WIB0|A8WIB0_PROMP,EC:2.1.1.86/6.7227
tr|A8WIB1|A8WIB1_PROMP,EC:3.1.1.4/7.9033,EC:3.4.17.6/8.0579,EC:3.4.24.50/8.0740
tr|A8WIB2|A8WIB2_PROMP,EC:2.5.1.18/7.6383
tr|A8WIB3|A8WIB3_PROMP,EC:3.9.1.3/7.6485
tr|A8WIB4|A8WIB4_PROMP,EC:2.6.1.1/8.2739,EC:3.4.22.65/8.3024
tr|A8WIB5|A8WIB5_PROMP,EC:1.14.13.39/8.6440
tr|A8WIB6|A8WIB6_PROMP,EC:1.12.1.2/8.4295
tr|A8WIB7|A8WIB7_PROMP,EC:3.4.23.2/7.1001,EC:4.2.3.38/7.2230,EC:3.4.23.4/7.6754
tr|A8WIB8|A8WIB8_PROMP,EC:2.1.1.86/7.8252
tr|A8WIB9|A8WIB9_PROMP,EC:2.1.1.86/7.0364
tr|A8WIC0|A8WIC0_PROMP,EC:1.4.3.2/7.2599,EC:3.4.24.50/7.5296
tr|A8WIC1|A8WIC1_PROMP,EC:2.1.1.86/7.5794
tr|A8WIC2|A8WIC2_PROMP,EC:2.3.1.51/8.7692
tr|A8WIC3|A8WIC3_PROMP,EC:4.2.1.2/7.8464
tr|A8WIC4|A8WIC4_PROMP,EC:1.3.7.5/8.0749
tr|A8WIC5|A8WIC5_PROMP,EC:1.1.5.2/8.4122
tr|A8WIC6|A8WIC6_PROMP,EC:3.1.1.32/6.9573
tr|A8WIC7|A8WIC7_PROMP,EC:2.1.1.86/6.6139,EC:4.2.3.59/8.1855
tr|A8WIC8|A8WIC8_PROMP,EC:2.1.1.86/8.6186,EC:1.23.5.1/8.7588,EC:1.8.5.2/8.7654
tr|A8WIC9|A8WIC9_PROMP,EC:2.1.1.86/7.9285
tr|A8WID0|A8WID0_PROMP,EC:4.1.1.44/8.3933
tr|A8WID1|A8WID1_PROMP,EC:2.5.1.83/7.4452
tr|A8WID2|A8WID2_PROMP,EC:3.1.1.4/7.7403
tr|A8WID3|A8WID3_PROMP,EC:3.1.1.32/7.4976
tr|A8WID4|A8WID4_PROMP,EC:5.4.99.5/7.1347
tr|A8WID6|A8WID6_PROMP,EC:2.1.1.86/7.2754
tr|A8WID7|A8WID7_PROMP,EC:2.1.1.86/7.3372,EC:5.3.99.7/8.3090
tr|A8WID8|A8WID8_PROMP,EC:2.7.7.6/8.7041,EC:4.7.1.1/8.9668
tr|A8WID9|A8WID9_PROMP,EC:1.3.7.6/8.9413
tr|A8WIE0|A8WIE0_PROMP,EC:3.5.2.6/7.6433,EC:2.5.1.83/7.8298
tr|A8WIE1|A8WIE1_PROMP,EC:2.5.1.18/8.8785
tr|A8WIE2|A8WIE2_PROMP,EC:2.6.1.1/8.3885
tr|A8WIE3|A8WIE3_PROMP,EC:3.1.1.4/6.7145,EC:3.4.24.50/7.2606
tr|A8WIE4|A8WIE4_PROMP,EC:2.1.1.86/6.5684,EC:1.23.5.1/8.9406,EC:5.2.1.14/8.9736,EC:2.4.1.384/9.1249
tr|A8WIE5|A8WIE5_PROMP,EC:4.2.1.2/7.1039
tr|A8WIE6|A8WIE6_PROMP,EC:3.4.24.50/5.8045
tr|A8WIE7|A8WIE7_PROMP,EC:1.3.7.5/7.9477
tr|A8WIE8|A8WIE8_PROMP,EC:2.1.3.1/7.9385
tr|A8WIE9|A8WIE9_PROMP,EC:2.1.1.86/7.4330
tr|A8WIF0|A8WIF0_PROMP,EC:2.1.1.86/7.8365,EC:3.4.17.6/8.7928
tr|A8WIF1|A8WIF1_PROMP,EC:1.4.3.2/7.7452
tr|A8WIF2|A8WIF2_PROMP,EC:2.3.2.27/8.3452
tr|A8WIF3|A8WIF3_PROMP,EC:2.1.1.318/8.6302
tr|A8WIF4|A8WIF4_PROMP,EC:4.2.1.28/8.5715
tr|A8WIF5|A8WIF5_PROMP,EC:3.2.2.6/7.6327,EC:3.4.17.6/8.4305
tr|A8WIF6|A8WIF6_PROMP,EC:2.4.1.384/8.6890
tr|A8WIF7|A8WIF7_PROMP,EC:2.1.1.86/7.8031
tr|A8WIF8|A8WIF8_PROMP,EC:3.4.23.2/7.5842
tr|A8WIF9|A8WIF9_PROMP,EC:1.4.3.2/8.5120
tr|A8WIG0|A8WIG0_PROMP,EC:2.1.1.86/8.6986
tr|A8WIG1|A8WIG1_PROMP,EC:2.1.1.86/7.6590,EC:2.3.1.284/8.5454,EC:5.2.1.14/8.8738
tr|A8WIG2|A8WIG2_PROMP,EC:5.4.99.5/6.7748
tr|A8WIG3|A8WIG3_PROMP,EC:3.1.1.32/7.4567
tr|A8WIG4|A8WIG4_PROMP,EC:5.4.99.5/7.8909
tr|A8WIG5|A8WIG5_PROMP,EC:3.1.1.32/7.2648
tr|A8WIG6|A8WIG6_PROMP,EC:1.4.3.2/6.3678
tr|A8WIG7|A8WIG7_PROMP,EC:2.3.1.263/9.3557
tr|A8WIG8|A8WIG8_PROMP,EC:3.1.1.32/8.2128,EC:2.7.1.205/8.4611
tr|A8WIG9|A8WIG9_PROMP,EC:1.4.3.2/6.5851
tr|A8WIH0|A8WIH0_PROMP,EC:3.1.1.4/6.8134
tr|A8WIH1|A8WIH1_PROMP,EC:1.14.13.25/8.8884,EC:1.3.7.6/9.1068
tr|A8WIH2|A8WIH2_PROMP,EC:1.12.1.2/7.4705
tr|A8WIH3|A8WIH3_PROMP,EC:1.16.1.7/7.5409
tr|A8WIH4|A8WIH4_PROMP,EC:5.3.99.2/8.6231,EC:4.3.2.9/8.9171,EC:2.4.1.353/9.0304
tr|A8WIH5|A8WIH5_PROMP,EC:3.1.1.4/7.7320
tr|A8WIH6|A8WIH6_PROMP,EC:5.4.99.5/7.3204
tr|A8WIH7|A8WIH7_PROMP,EC:2.1.1.86/8.7085,EC:3.4.17.6/8.9416
tr|A8WIH8|A8WIH8_PROMP,EC:5.4.99.5/7.4612,EC:1.14.13.244/8.5606
tr|A8WIH9|A8WIH9_PROMP,EC:2.1.1.86/8.1235,EC:1.1.5.2/8.7264
tr|A8WII0|A8WII0_PROMP,EC:3.1.21.10/8.3440
tr|A8WII1|A8WII1_PROMP,EC:4.1.1.44/6.5196
tr|A8WII2|A8WII2_PROMP,EC:2.1.1.86/8.1774
tr|A8WII3|A8WII3_PROMP,EC:4.2.1.2/8.0218,EC:3.4.23.2/8.7128
tr|A8WII4|A8WII4_PROMP,EC:2.8.4.1/7.5563,EC:1.1.2.7/7.6561
tr|A8WII5|A8WII5_PROMP,EC:1.3.7.2/7.7717
tr|A8WII6|A8WII6_PROMP,EC:3.2.1.2/8.1765
tr|A8WII7|A8WII7_PROMP,EC:1.4.3.2/7.1534
tr|A8WII8|A8WII8_PROMP,EC:5.2.1.4/7.8115
tr|A8WII9|A8WII9_PROMP,EC:7.1.1.3/7.0610
tr|A8WIJ0|A8WIJ0_PROMP,EC:3.2.1.4/8.1060
tr|A8WIJ1|A8WIJ1_PROMP,EC:2.1.1.86/9.5003
tr|A8WIJ2|A8WIJ2_PROMP,EC:2.1.1.86/7.7228
tr|A8WIJ3|A8WIJ3_PROMP,EC:1.11.1.7/7.8515
tr|A8WIJ4|A8WIJ4_PROMP,EC:4.1.1.44/8.2012
tr|A8WIJ5|A8WIJ5_PROMP,EC:2.1.1.86/8.2611
tr|A8WIJ6|A8WIJ6_PROMP,EC:1.3.7.5/7.5816
tr|A8WIJ7|A8WIJ7_PROMP,EC:3.1.1.4/7.2412
tr|A8WIJ8|A8WIJ8_PROMP,EC:4.2.1.2/8.5615,EC:2.5.1.83/8.9297
tr|A8WIJ9|A8WIJ9_PROMP,EC:2.2.1.2/8.3897
tr|A8WIK0|A8WIK0_PROMP,EC:3.1.1.4/7.7667
tr|A8WIK1|A8WIK1_PROMP,EC:2.1.1.86/8.2359,EC:3.4.17.6/8.8399
tr|A8WIK2|A8WIK2_PROMP,EC:3.5.2.6/7.9069,EC:3.4.22.65/8.1919
tr|A8WIK3|A8WIK3_PROMP,EC:3.1.1.32/7.9651,EC:5.2.1.4/8.0253
tr|A8WIK4|A8WIK4_PROMP,EC:2.5.1.83/7.5624
tr|A8WIK5|A8WIK5_PROMP,EC:3.1.1.4/7.7180
tr|A8WIK6|A8WIK6_PROMP,EC:6.4.1.6/8.7083,EC:3.4.23.2/8.9658,EC:2.6.1.114/8.9851
tr|A8WIK7|A8WIK7_PROMP,EC:1.12.1.2/7.7739,EC:2.5.1.83/8.4404,EC:3.4.22.28/8.5867,EC:1.14.14.13/8.6517
tr|A8WIK8|A8WIK8_PROMP,EC:1.4.3.2/8.2717
tr|A8WIK9|A8WIK9_PROMP,EC:3.4.23.2/8.5038
tr|A8WIL0|A8WIL0_PROMP,EC:1.11.1.7/8.1586
tr|A8WIL1|A8WIL1_PROMP,EC:1.12.1.2/7.1823,EC:3.5.99.5/7.5021
tr|A8WIL2|A8WIL2_PROMP,EC:1.12.1.2/7.7550
tr|A8WIL3|A8WIL3_PROMP,EC:3.4.24.50/6.8167
tr|A8WIL4|A8WIL4_PROMP,EC:2.1.1.86/6.8626
tr|A8WIL5|A8WIL5_PROMP,EC:1.4.3.2/7.7559
tr|A8WIL6|A8WIL6_PROMP,EC:1.4.3.2/7.7344
tr|A8WIL7|A8WIL7_PROMP,EC:2.1.1.86/7.1547
tr|A8WIL8|A8WIL8_PROMP,EC:5.5.1.12/8.0341
tr|A8WIL9|A8WIL9_PROMP,EC:2.1.1.86/7.8395,EC:1.23.5.1/9.1524
tr|A8WIM1|A8WIM1_PROMP,EC:1.4.3.2/8.4258
tr|A8WIM2|A8WIM2_PROMP,EC:3.4.16.6/8.3378,EC:1.8.5.2/8.4446
tr|A8WIM3|A8WIM3_PROMP,EC:1.3.7.5/7.1098
tr|A8WIM4|A8WIM4_PROMP,EC:3.1.1.5/8.4066
tr|A8WIM5|A8WIM5_PROMP,EC:1.12.1.2/7.9447
tr|A8WIM6|A8WIM6_PROMP,EC:5.4.99.5/8.3808
tr|A8WIM7|A8WIM7_PROMP,EC:4.1.1.63/8.0920
tr|A8WIM8|A8WIM8_PROMP,EC:2.1.1.86/6.3006
tr|A8WIM9|A8WIM9_PROMP,EC:1.4.3.2/5.4344
tr|A8WIN0|A8WIN0_PROMP,EC:4.2.3.38/7.8732
tr|A8WIN1|A8WIN1_PROMP,EC:3.1.1.74/7.9462
tr|A8WIN2|A8WIN2_PROMP,EC:3.5.1.76/7.6634
tr|A8WIN3|A8WIN3_PROMP,EC:2.1.1.86/7.5580,EC:1.1.99.22/8.1550
tr|A8WIN4|A8WIN4_PROMP,EC:2.7.11.1/7.1362
tr|A8WIN5|A8WIN5_PROMP,EC:2.1.1.86/8.0931,EC:1.13.12.13/8.8890
tr|B9ER26|B9ER26_PROMP,EC:4.1.2.10/8.6775
tr|B9ER27|B9ER27_PROMP,EC:3.1.1.4/7.5102
tr|B9ER28|B9ER28_PROMP,EC:2.1.1.86/6.8124,EC:3.4.17.6/8.7973
tr|B9ER29|B9ER29_PROMP,EC:3.1.1.4/6.5972
tr|B9ER30|B9ER30_PROMP,EC:3.1.1.4/8.0583
tr|B9ER31|B9ER31_PROMP,EC:3.1.1.4/6.4391
tr|B9ER32|B9ER32_PROMP,EC:3.4.24.50/7.3761
tr|B9ER33|B9ER33_PROMP,EC:3.1.1.4/7.8421
tr|B9ER34|B9ER34_PROMP,EC:2.7.1.199/8.1980
tr|B9ER35|B9ER35_PROMP,EC:3.5.1.76/8.7275
tr|B9ER36|B9ER36_PROMP,EC:1.14.13.244/7.9868
tr|B9ER37|B9ER37_PROMP,EC:2.6.1.1/8.3663
tr|B9ER38|B9ER38_PROMP,EC:1.16.1.7/7.7560,EC:1.1.1.107/7.9929
tr|B9ER39|B9ER39_PROMP,EC:3.1.1.4/7.4105,EC:3.4.24.50/7.6224
tr|B9ER40|B9ER40_PROMP,EC:1.11.1.27/8.5995,EC:4.2.3.34/8.8347
tr|B9ER41|B9ER41_PROMP,EC:3.1.1.4/6.5605,EC:3.5.1.76/7.3124
tr|B9ER43|B9ER43_PROMP,EC:3.1.1.4/6.7200,EC:2.6.1.45/7.3827
tr|B9ER44|B9ER44_PROMP,EC:3.1.1.4/7.8993
tr|B9ER45|B9ER45_PROMP,EC:2.1.1.86/7.7951,EC:2.4.1.384/7.9755
tr|B9ER46|B9ER46_PROMP,EC:1.4.3.2/7.4666
tr|B9ER47|B9ER47_PROMP,EC:1.4.3.2/6.9313
tr|B9ER48|B9ER48_PROMP,EC:2.7.7.6/7.9938
sp|P59920|Y439_PROMP,EC:2.4.2.21/7.0482
tr|Q7TTH5|Q7TTH5_PROMP,EC:1.1.99.22/8.2231
tr|Q7TTI0|Q7TTI0_PROMP,EC:2.1.1.86/7.8518
tr|Q7TTK4|Q7TTK4_PROMP,EC:3.1.1.4/7.9639
tr|Q7TTL5|Q7TTL5_PROMP,EC:2.1.1.86/8.4371
tr|Q7TTL7|Q7TTL7_PROMP,EC:1.20.9.1/8.3728
tr|Q7TTQ2|Q7TTQ2_PROMP,EC:3.2.2.22/7.5477
tr|Q7TTQ3|Q7TTQ3_PROMP,EC:4.1.2.10/8.0394
tr|Q7TTQ4|Q7TTQ4_PROMP,EC:2.6.1.1/7.0098
tr|Q7TU22|Q7TU22_PROMP,EC:5.4.99.60/3.6364,EC:5.4.99.61/7.5947
tr|Q7TU26|Q7TU26_PROMP,EC:3.4.21.97/7.7019
tr|Q7TU33|Q7TU33_PROMP,EC:3.7.1.12/6.4348
tr|Q7TU34|Q7TU34_PROMP,EC:2.7.13.3/7.6702
tr|Q7TU36|Q7TU36_PROMP,EC:3.1.26.12/3.8249
tr|Q7TU37|Q7TU37_PROMP,EC:3.4.21.107/5.2053
tr|Q7TU41|Q7TU41_PROMP,EC:2.1.1.226/5.5711,EC:2.1.1.227/5.5711
tr|Q7TU45|Q7TU45_PROMP,EC:2.1.1.86/7.4781
tr|Q7TU46|Q7TU46_PROMP,EC:7.2.1.3/8.3855
tr|Q7TU47|Q7TU47_PROMP,EC:3.2.2.22/7.4791,EC:4.2.2.7/7.9502
tr|Q7TU48|Q7TU48_PROMP,EC:5.4.99.5/7.3954
tr|Q7TU49|Q7TU49_PROMP,EC:5.3.1.32/8.1019,EC:4.2.1.154/8.7566,EC:5.3.3.4/9.4301
tr|Q7TU50|Q7TU50_PROMP,EC:4.4.1.3/9.7329
tr|Q7TU51|Q7TU51_PROMP,EC:1.3.7.5/8.0607
tr|Q7TU52|Q7TU52_PROMP,EC:3.2.2.5/8.3457
tr|Q7TU53|Q7TU53_PROMP,EC:4.2.1.2/7.3817
tr|Q7TU54|Q7TU54_PROMP,EC:1.14.11.56/8.3064,EC:1.14.11.2/8.9771
tr|Q7TU55|Q7TU55_PROMP,EC:1.3.7.5/7.8928,EC:3.4.23.2/8.3108,EC:3.4.23.4/8.3750
tr|Q7TU57|Q7TU57_PROMP,EC:3.4.17.13/9.3333
tr|Q7TU58|Q7TU58_PROMP,EC:2.1.1.86/8.2570
tr|Q7TU63|Q7TU63_PROMP,EC:2.1.1.230/6.4751,EC:2.1.1.185/6.4901,EC:2.1.1.208/7.2817
tr|Q7TU68|Q7TU68_PROMP,EC:1.3.7.5/8.2623
tr|Q7TU69|Q7TU69_PROMP,EC:1.3.7.5/9.1755,EC:2.7.1.43/9.2117
tr|Q7TU70|Q7TU70_PROMP,EC:3.1.21.4/7.1257
tr|Q7TU71|Q7TU71_PROMP,EC:2.5.1.151/8.7590,EC:1.16.1.6/8.7590
tr|Q7TU72|Q7TU72_PROMP,EC:2.1.1.86/8.3839,EC:1.23.5.1/8.9715
tr|Q7TU73|Q7TU73_PROMP,EC:2.1.1.86/7.0463
tr|Q7TU74|Q7TU74_PROMP,EC:3.1.1.4/6.6227
tr|Q7TU76|Q7TU76_PROMP,EC:2.4.1.153/8.6872
tr|Q7TU78|Q7TU78_PROMP,EC:2.7.13.3/6.7217
tr|Q7TU79|Q7TU79_PROMP,EC:1.3.7.15/8.7774
tr|Q7TU80|Q7TU80_PROMP,EC:6.3.5.11/5.5646
tr|Q7TU83|Q7TU83_PROMP,EC:2.5.1.83/7.2706
tr|Q7TU84|Q7TU84_PROMP,EC:7.5.2.4/8.9990
tr|Q7TU85|Q7TU85_PROMP,EC:1.3.7.2/7.8682
tr|Q7TU86|Q7TU86_PROMP,EC:2.1.1.86/6.6295
tr|Q7TU87|Q7TU87_PROMP,EC:4.4.1.19/9.0916
tr|Q7TU89|Q7TU89_PROMP,EC:2.4.2.22/6.6230
tr|Q7TU91|Q7TU91_PROMP,EC:3.6.4.12/7.1556
tr|Q7TU93|Q7TU93_PROMP,EC:2.4.2.31/7.3279,EC:3.4.24.83/7.7512
tr|Q7TU95|Q7TU95_PROMP,EC:1.11.1.24/6.0892
tr|Q7TU98|Q7TU98_PROMP,EC:3.2.1.18/7.9460
tr|Q7TUA1|Q7TUA1_PROMP,EC:3.1.1.74/8.5303
tr|Q7TUA2|Q7TUA2_PROMP,EC:1.4.3.2/7.1816
tr|Q7TUA4|Q7TUA4_PROMP,EC:2.1.1.86/8.4417
tr|Q7TUA5|Q7TUA5_PROMP,EC:5.5.1.12/8.9633
tr|Q7TUA6|Q7TUA6_PROMP,EC:2.7.13.3/8.1641
tr|Q7TUA8|Q7TUA8_PROMP,EC:1.3.7.5/6.6710,EC:2.5.1.83/7.2920,EC:2.1.1.148/7.5554
tr|Q7TUB0|Q7TUB0_PROMP,EC:1.3.7.5/8.6863
tr|Q7TUB1|Q7TUB1_PROMP,EC:2.7.7.6/7.8832
tr|Q7TUB2|Q7TUB2_PROMP,EC:3.6.4.12/8.1564
tr|Q7TUB3|Q7TUB3_PROMP,EC:1.1.1.9/8.0553
tr|Q7TUB4|Q7TUB4_PROMP,EC:3.6.1.12/7.9692
tr|Q7TUB5|Q7TUB5_PROMP,EC:2.7.7.48/7.8491
tr|Q7TUB6|Q7TUB6_PROMP,EC:2.7.13.3/8.1977
tr|Q7TUB7|Q7TUB7_PROMP,EC:5.3.4.1/7.8181,EC:1.8.4.2/8.4709
tr|Q7TUB8|Q7TUB8_PROMP,EC:2.1.1.86/7.2485
tr|Q7TUB9|Q7TUB9_PROMP,EC:3.2.1.n1/10.5176
tr|Q7TUC0|Q7TUC0_PROMP,EC:2.1.1.318/7.8116
tr|Q7TUC1|Q7TUC1_PROMP,EC:1.4.3.2/8.0634
tr|Q7TUC9|Q7TUC9_PROMP,EC:3.1.21.4/7.9117
tr|Q7TUD2|Q7TUD2_PROMP,EC:2.1.1.271/5.3747
tr|Q7TUD3|Q7TUD3_PROMP,EC:2.5.1.9/4.3461
tr|Q7TUD4|Q7TUD4_PROMP,EC:6.3.4.15/3.9422
tr|Q7TUD7|Q7TUD7_PROMP,EC:4.4.1.13/4.6283,EC:2.5.1.48/4.8247,EC:4.4.1.1/6.8813,EC:4.4.1.2/6.9082
tr|Q7TUD9|Q7TUD9_PROMP,EC:2.4.1.283/7.2836,EC:2.4.1.284/8.0923
tr|Q7TUE1|Q7TUE1_PROMP,EC:2.1.1.86/8.3669
tr|Q7TUE2|Q7TUE2_PROMP,EC:1.3.7.3/6.6681
tr|Q7TUE3|Q7TUE3_PROMP,EC:2.1.1.148/8.5729
tr|Q7TUE4|Q7TUE4_PROMP,EC:4.2.1.154/8.3991
tr|Q7TUE5|Q7TUE5_PROMP,EC:4.4.1.19/8.1586,EC:2.5.1.83/8.6418
tr|Q7TUE7|Q7TUE7_PROMP,EC:3.1.21.9/9.4862,EC:2.4.1.226/9.6511
tr|Q7TUE8|Q7TUE8_PROMP,EC:2.5.1.83/8.4068
tr|Q7TUE9|Q7TUE9_PROMP,EC:5.4.99.5/6.1644
tr|Q7TUF0|Q7TUF0_PROMP,EC:2.1.1.86/5.9053,EC:4.2.3.59/8.3358
tr|Q7TUF1|Q7TUF1_PROMP,EC:2.1.1.86/8.7623
tr|Q7TUF2|Q7TUF2_PROMP,EC:3.4.21.105/6.1392
tr|Q7TUF6|Q7TUF6_PROMP,EC:3.2.2.5/8.9465
tr|Q7TUF7|Q7TUF7_PROMP,EC:2.7.7.72/5.7023
sp|Q7TUG2|CINAL_PROMP,EC:3.5.1.42/6.6162
tr|Q7TUG3|Q7TUG3_PROMP,EC:2.7.13.3/8.0627
tr|Q7TUG4|Q7TUG4_PROMP,EC:3.5.4.13/2.7064
tr|Q7TUG6|Q7TUG6_PROMP,EC:3.2.1.133/9.3991,EC:2.4.1.177/9.4776
tr|Q7TUG7|Q7TUG7_PROMP,EC:3.1.7.2/3.8677
tr|Q7TUH5|Q7TUH5_PROMP,EC:5.3.3.7/8.7080
tr|Q7TUH6|Q7TUH6_PROMP,EC:1.12.1.2/8.3711
tr|Q7TUH7|Q7TUH7_PROMP,EC:1.4.3.19/5.0914
tr|Q7TUH8|Q7TUH8_PROMP,EC:3.2.2.5/8.1928
tr|Q7U394|Q7U394_PROMP,EC:3.6.4.6/7.8204
tr|Q7U395|Q7U395_PROMP,EC:1.1.99.22/7.4706
tr|Q7U396|Q7U396_PROMP,EC:5.4.3.5/7.2230
tr|Q7U397|Q7U397_PROMP,EC:3.1.1.32/7.3794,EC:4.99.1.10/7.4160
tr|Q7U398|Q7U398_PROMP,EC:1.3.7.15/8.3931
tr|Q7UZF3|Q7UZF3_PROMP,EC:5.4.99.5/8.0942
tr|Q7UZF4|Q7UZF4_PROMP,EC:2.7.13.3/8.4298
tr|Q7UZF6|Q7UZF6_PROMP,EC:2.4.1.250/6.0658
tr|Q7UZF7|Q7UZF7_PROMP,EC:1.3.7.5/8.0917
tr|Q7UZF9|Q7UZF9_PROMP,EC:1.12.1.2/6.7821
tr|Q7UZG4|Q7UZG4_PROMP,EC:1.4.3.19/7.8962
tr|Q7UZG6|Q7UZG6_PROMP,EC:2.7.13.3/8.3452
tr|Q7UZG9|Q7UZG9_PROMP,EC:2.7.1.182/5.0339
tr|Q7UZH1|Q7UZH1_PROMP,EC:2.3.1.15/7.9111
tr|Q7UZH3|Q7UZH3_PROMP,EC:4.1.3.38/4.5913
tr|Q7UZH4|Q7UZH4_PROMP,EC:2.6.1.85/6.3968
tr|Q7UZH9|Q7UZH9_PROMP,EC:3.5.3.11/5.1691
tr|Q7UZI1|Q7UZI1_PROMP,EC:3.6.1.8/5.2010
tr|Q7UZI2|Q7UZI2_PROMP,EC:1.11.1.24/8.2158
tr|Q7UZI4|Q7UZI4_PROMP,EC:2.7.13.3/7.7624
tr|Q7UZI5|Q7UZI5_PROMP,EC:3.1.1.32/8.7076,EC:2.4.1.384/9.1050,EC:1.3.5.3/9.2456,EC:2.3.1.265/9.3025
tr|Q7UZI6|Q7UZI6_PROMP,EC:6.5.1.1/3.8682,EC:6.5.1.7/8.6196,EC:6.5.1.3/8.7400
tr|Q7UZI7|Q7UZI7_PROMP,EC:3.4.17.6/8.6097
tr|Q7UZI8|Q7UZI8_PROMP,EC:5.4.99.22/8.6864
tr|Q7UZI9|Q7UZI9_PROMP,EC:4.1.3.40/7.5337,EC:1.13.11.73/9.1579
tr|Q7UZJ2|Q7UZJ2_PROMP,EC:1.14.19.75/8.9703,EC:1.14.19.10/9.1712
tr|Q7UZJ3|Q7UZJ3_PROMP,EC:1.3.7.3/7.1569,EC:4.2.3.38/7.1980,EC:2.1.1.148/7.7393
tr|Q7UZJ4|Q7UZJ4_PROMP,EC:4.1.99.1/6.6847,EC:2.9.1.2/8.0903
tr|Q7UZJ6|Q7UZJ6_PROMP,EC:4.1.1.22/8.0800
tr|Q7UZJ7|Q7UZJ7_PROMP,EC:2.4.1.132/8.2405
tr|Q7UZJ8|Q7UZJ8_PROMP,EC:3.13.1.1/4.3555,EC:2.5.1.44/9.6490
tr|Q7UZK0|Q7UZK0_PROMP,EC:2.7.7.6/8.0327
tr|Q7UZK3|Q7UZK3_PROMP,EC:3.5.1.28/9.8696
tr|Q7UZK4|Q7UZK4_PROMP,EC:2.4.1.336/6.7084,EC:2.4.1.32/7.8256,EC:2.4.1.212/8.0848,EC:2.4.1.335/8.8447,EC:2.4.1.153/9.3155
tr|Q7UZL2|Q7UZL2_PROMP,EC:5.1.3.9/6.2470
tr|Q7UZL5|Q7UZL5_PROMP,EC:3.6.4.12/7.2020
tr|Q7UZL8|Q7UZL8_PROMP,EC:3.3.2.11/8.3405
tr|Q7UZL9|Q7UZL9_PROMP,EC:2.1.1.210/9.8918
tr|Q7UZM0|Q7UZM0_PROMP,EC:2.3.1.59/8.5884
tr|Q7UZM3|Q7UZM3_PROMP,EC:3.1.21.4/7.7834
tr|Q7UZM5|Q7UZM5_PROMP,EC:3.1.31.1/9.7256
tr|Q7UZM9|Q7UZM9_PROMP,EC:3.6.4.12/8.6953
tr|Q7UZN0|Q7UZN0_PROMP,EC:3.3.2.10/7.8380
tr|Q7UZN1|Q7UZN1_PROMP,EC:2.7.1.45/6.9744,EC:2.7.1.4/7.5195,EC:2.7.1.223/7.7505
tr|Q7UZN2|Q7UZN2_PROMP,EC:1.13.12.7/9.3565
tr|Q7UZN4|Q7UZN4_PROMP,EC:3.6.1.27/6.9365,EC:7.3.2.7/7.4277
tr|Q7UZN5|Q7UZN5_PROMP,EC:3.1.1.29/8.3948
tr|Q7UZN7|Q7UZN7_PROMP,EC:3.4.21.102/8.6885,EC:2.7.8.6/9.6057
tr|Q7UZN8|Q7UZN8_PROMP,EC:3.2.2.26/10.0142
tr|Q7UZN9|Q7UZN9_PROMP,EC:2.7.13.3/7.0417
tr|Q7UZP1|Q7UZP1_PROMP,EC:1.14.13.25/8.3781
tr|Q7UZP4|Q7UZP4_PROMP,EC:2.3.1.269/8.2307
tr|Q7UZP5|Q7UZP5_PROMP,EC:3.5.1.32/7.1661
tr|Q7UZP6|Q7UZP6_PROMP,EC:2.1.1.86/7.2221,EC:2.4.1.384/8.6931
tr|Q7UZQ4|Q7UZQ4_PROMP,EC:1.18.1.2/8.8755
tr|Q7UZQ6|Q7UZQ6_PROMP,EC:1.12.1.2/7.0805,EC:6.4.1.8/7.7220
tr|Q7UZQ8|Q7UZQ8_PROMP,EC:3.1.4.59/9.0481
tr|Q7UZQ9|Q7UZQ9_PROMP,EC:2.3.1.51/7.8708
tr|Q7UZR0|Q7UZR0_PROMP,EC:5.1.3.15/5.3115
tr|Q7UZR1|Q7UZR1_PROMP,EC:2.7.1.219/7.1396,EC:2.7.1.217/7.8505,EC:2.7.1.220/8.0098
tr|Q7UZR3|Q7UZR3_PROMP,EC:1.3.7.12/6.1383
tr|Q7UZR4|Q7UZR4_PROMP,EC:1.14.14.18/5.4759
tr|Q7UZR5|Q7UZR5_PROMP,EC:3.1.3.48/6.2740
tr|Q7UZR8|Q7UZR8_PROMP,EC:2.1.1.113/9.1905
tr|Q7UZR9|Q7UZR9_PROMP,EC:2.7.1.216/8.9485
tr|Q7UZS0|Q7UZS0_PROMP,EC:4.2.1.2/7.0827
tr|Q7UZS1|Q7UZS1_PROMP,EC:3.1.11.1/7.1364
tr|Q7UZS2|Q7UZS2_PROMP,EC:2.1.1.86/9.4945
tr|Q7UZS6|Q7UZS6_PROMP,EC:2.7.13.3/5.8066
tr|Q7UZS8|Q7UZS8_PROMP,EC:4.1.3.27/4.0794
tr|Q7UZS9|Q7UZS9_PROMP,EC:6.3.2.2/5.7218
tr|Q7UZT1|Q7UZT1_PROMP,EC:2.3.1.48/8.8798
tr|Q7UZT4|Q7UZT4_PROMP,EC:4.4.1.37/7.9423
tr|Q7UZT5|Q7UZT5_PROMP,EC:2.7.7.62/8.7645
tr|Q7UZT6|Q7UZT6_PROMP,EC:2.7.7.80/5.7509
tr|Q7UZT7|Q7UZT7_PROMP,EC:2.5.1.18/8.9031
tr|Q7UZT8|Q7UZT8_PROMP,EC:2.7.1.172/5.8974,EC:2.7.1.171/6.6252
tr|Q7UZT9|Q7UZT9_PROMP,EC:1.3.99.27/7.8706,EC:1.17.8.1/8.7286,EC:5.3.99.9/9.1571,EC:5.3.99.8/9.8302
tr|Q7UZU0|Q7UZU0_PROMP,EC:1.3.1.12/5.4728,EC:1.3.1.121/8.2031,EC:1.3.1.43/8.2089,EC:1.3.1.78/9.3428
tr|Q7UZU1|Q7UZU1_PROMP,EC:3.1.21.4/7.4237
tr|Q7UZU2|Q7UZU2_PROMP,EC:2.1.1.86/8.0539
tr|Q7UZU4|Q7UZU4_PROMP,EC:3.1.3.3/9.2616,EC:3.1.3.22/9.6276
tr|Q7UZU5|Q7UZU5_PROMP,EC:4.1.2.43/9.8337
tr|Q7UZX2|Q7UZX2_PROMP,EC:1.5.99.14/9.0391
tr|Q7UZX3|Q7UZX3_PROMP,EC:3.1.3.18/9.6604
tr|Q7UZX4|Q7UZX4_PROMP,EC:2.4.2.53/5.2237
tr|Q7UZX7|Q7UZX7_PROMP,EC:3.4.14.13/7.6060
tr|Q7UZX8|Q7UZX8_PROMP,EC:3.4.11.19/8.9123
tr|Q7UZX9|Q7UZX9_PROMP,EC:1.12.1.2/8.3649,EC:2.5.1.83/8.5096
tr|Q7UZY0|Q7UZY0_PROMP,EC:3.1.21.4/7.5198
tr|Q7UZY2|Q7UZY2_PROMP,EC:4.4.1.26/8.5438
tr|Q7UZY9|Q7UZY9_PROMP,EC:3.4.23.43/8.3149
tr|Q7UZZ0|Q7UZZ0_PROMP,EC:2.1.1.95/8.9162,EC:1.14.13.168/9.4003,EC:2.1.1.254/9.6192,EC:2.1.1.295/9.8019
tr|Q7UZZ1|Q7UZZ1_PROMP,EC:3.3.2.10/8.2821
tr|Q7UZZ5|Q7UZZ5_PROMP,EC:1.21.98.3/6.7368,EC:2.1.1.106/8.7656,EC:2.1.1.332/9.4116,EC:4.1.99.14/10.1433
tr|Q7UZZ6|Q7UZZ6_PROMP,EC:2.4.1.153/7.1769,EC:2.4.1.117/9.1404,EC:2.4.1.266/9.2569
tr|Q7UZZ7|Q7UZZ7_PROMP,EC:2.4.2.43/6.8508
tr|Q7UZZ8|Q7UZZ8_PROMP,EC:2.1.1.86/7.9181
tr|Q7V000|Q7V000_PROMP,EC:3.6.4.12/7.0086
tr|Q7V009|Q7V009_PROMP,EC:2.6.1.45/7.3556
tr|Q7V011|Q7V011_PROMP,EC:4.2.3.54/7.7420
tr|Q7V012|Q7V012_PROMP,EC:3.2.2.22/8.5833
tr|Q7V013|Q7V013_PROMP,EC:2.1.1.148/7.2135
tr|Q7V014|Q7V014_PROMP,EC:1.12.1.2/8.7041,EC:4.1.99.11/9.2576
tr|Q7V015|Q7V015_PROMP,EC:4.2.3.130/10.1264
tr|Q7V017|Q7V017_PROMP,EC:3.6.4.12/7.1317
tr|Q7V018|Q7V018_PROMP,EC:1.3.7.5/7.9286
tr|Q7V020|Q7V020_PROMP,EC:2.1.1.197/5.5091
tr|Q7V021|Q7V021_PROMP,EC:2.3.2.28/6.5607
tr|Q7V022|Q7V022_PROMP,EC:2.3.1.47/3.3314
tr|Q7V023|Q7V023_PROMP,EC:3.6.4.12/8.1630
tr|Q7V025|Q7V025_PROMP,EC:2.7.7.6/8.4298
tr|Q7V026|Q7V026_PROMP,EC:4.99.1.10/7.5355,EC:1.3.7.12/8.3825,EC:1.14.13.130/9.1329
tr|Q7V029|Q7V029_PROMP,EC:1.8.1.8/7.6864
tr|Q7V030|Q7V030_PROMP,EC:2.4.1.129/5.7128
tr|Q7V031|Q7V031_PROMP,EC:7.2.4.2/7.8672,EC:1.5.5.2/8.6101,EC:2.7.1.198/8.7951
tr|Q7V039|Q7V039_PROMP,EC:1.97.1.2/9.5866
tr|Q7V040|Q7V040_PROMP,EC:4.1.1.22/8.9956
tr|Q7V041|Q7V041_PROMP,EC:2.3.2.22/8.6919
tr|Q7V044|Q7V044_PROMP,EC:2.7.13.3/7.6077
tr|Q7V045|Q7V045_PROMP,EC:2.7.13.3/8.9090
tr|Q7V046|Q7V046_PROMP,EC:3.4.11.9/6.4404
tr|Q7V047|Q7V047_PROMP,EC:4.1.1.44/7.9734
tr|Q7V053|Q7V053_PROMP,EC:2.7.1.23/8.5254
tr|Q7V055|Q7V055_PROMP,EC:1.3.7.5/8.6094
tr|Q7V056|Q7V056_PROMP,EC:4.2.1.2/7.8079,EC:2.3.1.263/8.1658
tr|Q7V057|Q7V057_PROMP,EC:3.2.2.21/8.2029
tr|Q7V058|Q7V058_PROMP,EC:4.1.99.11/5.2475,EC:2.6.1.30/9.2656
tr|Q7V059|Q7V059_PROMP,EC:2.1.1.148/7.2129
tr|Q7V060|Q7V060_PROMP,EC:3.4.21.107/9.3486
tr|Q7V061|Q7V061_PROMP,EC:3.2.2.22/8.6000
tr|Q7V062|Q7V062_PROMP,EC:1.8.1.8/8.6236
tr|Q7V063|Q7V063_PROMP,EC:2.8.1.1/8.0758
tr|Q7V064|Q7V064_PROMP,EC:1.4.3.2/7.9538,EC:4.2.3.38/8.1428,EC:4.2.3.59/8.1493
tr|Q7V065|Q7V065_PROMP,EC:3.1.31.1/7.0970
tr|Q7V066|Q7V066_PROMP,EC:3.2.1.39/6.2481
tr|Q7V067|Q7V067_PROMP,EC:3.1.1.101/8.4859,EC:3.2.1.162/8.6210,EC:3.2.1.123/9.0779,EC:3.4.24.38/9.0984,EC:3.7.1.7/9.1655
tr|Q7V068|Q7V068_PROMP,EC:1.13.11.49/8.7158
tr|Q7V069|Q7V069_PROMP,EC:5.3.1.32/8.0406
tr|Q7V070|Q7V070_PROMP,EC:5.3.3.19/8.6290,EC:1.13.11.50/8.6482
tr|Q7V071|Q7V071_PROMP,EC:4.2.3.38/8.3287
tr|Q7V072|Q7V072_PROMP,EC:4.2.3.59/8.9822
tr|Q7V073|Q7V073_PROMP,EC:1.1.2.7/8.7372
tr|Q7V074|Q7V074_PROMP,EC:3.4.24.7/8.0116
tr|Q7V075|Q7V075_PROMP,EC:2.1.1.86/7.5686,EC:1.4.9.1/9.1160
tr|Q7V076|Q7V076_PROMP,EC:2.1.1.86/7.4501
tr|Q7V077|Q7V077_PROMP,EC:3.1.21.4/8.5802
tr|Q7V078|Q7V078_PROMP,EC:2.1.1.86/8.2321
tr|Q7V079|Q7V079_PROMP,EC:5.3.1.32/7.6308
tr|Q7V080|Q7V080_PROMP,EC:3.4.17.6/8.0400
tr|Q7V081|Q7V081_PROMP,EC:2.5.1.151/7.8139,EC:1.16.1.6/7.8139,EC:2.3.1.263/7.9253
tr|Q7V082|Q7V082_PROMP,EC:2.1.1.86/6.4692,EC:1.3.1.107/8.9433
tr|Q7V083|Q7V083_PROMP,EC:4.1.1.50/8.4573
tr|Q7V084|Q7V084_PROMP,EC:3.1.4.35/8.1617
tr|Q7V085|Q7V085_PROMP,EC:2.7.1.199/8.1901
tr|Q7V086|Q7V086_PROMP,EC:2.1.1.86/7.8594
tr|Q7V087|Q7V087_PROMP,EC:2.1.1.33/8.0652
tr|Q7V088|Q7V088_PROMP,EC:1.14.19.6/9.2983
tr|Q7V090|Q7V090_PROMP,EC:3.1.3.22/8.2106,EC:3.1.3.23/8.4175,EC:3.1.3.68/8.7298
tr|Q7V091|Q7V091_PROMP,EC:3.2.2.4/7.9311
tr|Q7V092|Q7V092_PROMP,EC:4.2.3.101/9.7887,EC:1.14.19.61/9.8485
tr|Q7V093|Q7V093_PROMP,EC:1.1.1.283/9.2375
tr|Q7V094|Q7V094_PROMP,EC:2.3.2.27/9.4511
tr|Q7V095|Q7V095_PROMP,EC:2.1.1.86/8.4234
tr|Q7V096|Q7V096_PROMP,EC:3.1.1.3/8.3789
tr|Q7V097|Q7V097_PROMP,EC:2.4.2.2/6.4523
tr|Q7V098|Q7V098_PROMP,EC:2.7.13.3/8.6280
tr|Q7V099|Q7V099_PROMP,EC:1.3.1.114/7.4366
tr|Q7V0A0|Q7V0A0_PROMP,EC:2.7.1.39/9.6886
tr|Q7V0A1|Q7V0A1_PROMP,EC:1.16.1.7/8.5112
tr|Q7V0A2|Q7V0A2_PROMP,EC:3.2.2.29/9.0949,EC:3.2.2.20/9.3499
tr|Q7V0A3|Q7V0A3_PROMP,EC:1.13.11.24/4.7880
tr|Q7V0A4|Q7V0A4_PROMP,EC:4.2.1.2/7.6503
tr|Q7V0A6|Q7V0A6_PROMP,EC:1.4.3.2/7.4892,EC:4.99.1.10/7.5454
tr|Q7V0A7|Q7V0A7_PROMP,EC:4.2.3.38/6.7754,EC:1.3.7.3/7.4184
tr|Q7V0A8|Q7V0A8_PROMP,EC:1.3.1.33/7.4719
tr|Q7V0A9|Q7V0A9_PROMP,EC:4.1.99.3/8.2647
tr|Q7V0B0|Q7V0B0_PROMP,EC:1.8.5.2/7.7100,EC:1.1.5.2/8.5922
tr|Q7V0B1|Q7V0B1_PROMP,EC:1.10.3.16/7.9617
tr|Q7V0B2|Q7V0B2_PROMP,EC:2.1.1.71/8.3616
tr|Q7V0B3|Q7V0B3_PROMP,EC:3.6.4.12/9.9853
tr|Q7V0B4|Q7V0B4_PROMP,EC:1.2.1.22/8.4321
tr|Q7V0B6|Q7V0B6_PROMP,EC:1.2.99.6/8.9940
tr|Q7V0B7|Q7V0B7_PROMP,EC:3.4.22.1/8.2850
tr|Q7V0B8|Q7V0B8_PROMP,EC:1.11.1.7/8.7503
tr|Q7V0C0|Q7V0C0_PROMP,EC:2.1.1.324/8.8841,EC:2.1.1.328/9.4270
tr|Q7V0C8|Q7V0C8_PROMP,EC:3.4.21.102/7.9951
tr|Q7V0D1|Q7V0D1_PROMP,EC:2.3.1.129/3.3312
tr|Q7V0D5|Q7V0D5_PROMP,EC:3.1.21.8/5.7457
tr|Q7V0D6|Q7V0D6_PROMP,EC:1.1.1.60/8.7071
tr|Q7V0E0|Q7V0E0_PROMP,EC:2.4.1.33/7.9813
tr|Q7V0E1|Q7V0E1_PROMP,EC:1.8.5.2/9.0942
tr|Q7V0E2|Q7V0E2_PROMP,EC:3.4.25.1/8.8016
tr|Q7V0E3|Q7V0E3_PROMP,EC:2.4.1.356/10.2491
tr|Q7V0E4|Q7V0E4_PROMP,EC:3.2.1.68/6.6082,EC:3.2.1.141/6.8718,EC:3.2.1.142/7.1490,EC:3.2.1.196/7.6822,EC:3.2.1.41/8.1921
tr|Q7V0E5|Q7V0E5_PROMP,EC:3.4.21.88/9.0024,EC:4.4.1.24/9.1949
tr|Q7V0E6|Q7V0E6_PROMP,EC:1.4.3.2/7.8859
tr|Q7V0E7|Q7V0E7_PROMP,EC:1.4.9.1/8.3637
tr|Q7V0E8|Q7V0E8_PROMP,EC:2.5.1.18/7.7814
tr|Q7V0F3|Q7V0F3_PROMP,EC:3.1.26.5/7.5475
tr|Q7V0F4|Q7V0F4_PROMP,EC:6.3.4.19/9.0399
tr|Q7V0F5|Q7V0F5_PROMP,EC:4.2.3.66/8.5672
tr|Q7V0F8|Q7V0F8_PROMP,EC:3.5.4.42/7.8339,EC:3.5.4.11/7.9905
tr|Q7V0F9|Q7V0F9_PROMP,EC:1.1.5.12/9.2260
tr|Q7V0G3|Q7V0G3_PROMP,EC:4.99.1.10/9.2851
tr|Q7V0G4|Q7V0G4_PROMP,EC:3.4.21.89/8.0585
tr|Q7V0G5|Q7V0G5_PROMP,EC:2.1.1.148/6.3859,EC:3.5.5.8/8.8809
tr|Q7V0G6|Q7V0G6_PROMP,EC:5.2.1.8/6.2456
tr|Q7V0G9|Q7V0G9_PROMP,EC:3.6.4.12/8.7329
tr|Q7V0H1|Q7V0H1_PROMP,EC:2.7.13.3/7.5263
tr|Q7V0H3|Q7V0H3_PROMP,EC:2.3.1.61/9.4406
tr|Q7V0H4|Q7V0H4_PROMP,EC:1.1.99.22/8.9658
tr|Q7V0H5|Q7V0H5_PROMP,EC:1.3.7.5/6.9090
tr|Q7V0H8|Q7V0H8_PROMP,EC:4.1.2.10/8.7757,EC:1.23.5.1/9.1616
tr|Q7V0H9|Q7V0H9_PROMP,EC:2.5.1.143/7.2866,EC:5.4.99.18/8.1109
tr|Q7V0I0|Q7V0I0_PROMP,EC:2.1.1.148/7.4898
tr|Q7V0I1|Q7V0I1_PROMP,EC:4.2.3.38/6.5698
tr|Q7V0I2|Q7V0I2_PROMP,EC:7.3.2.5/9.6754
tr|Q7V0I5|Q7V0I5_PROMP,EC:5.3.3.7/8.7263,EC:2.4.1.33/8.9079
tr|Q7V0I9|Q7V0I9_PROMP,EC:2.1.1.289/5.8408,EC:2.1.1.132/6.9374
tr|Q7V0J0|Q7V0J0_PROMP,EC:2.7.13.3/7.9728
tr|Q7V0J1|Q7V0J1_PROMP,EC:5.2.1.8/7.4248
tr|Q7V0J7|Q7V0J7_PROMP,EC:2.6.1.98/5.9746,EC:2.6.1.90/6.7334,EC:2.6.1.106/7.0936,EC:2.6.1.92/8.1920,EC:2.6.1.104/9.4809
tr|Q7V0J8|Q7V0J8_PROMP,EC:2.6.1.104/6.4474,EC:2.6.1.98/6.8315,EC:2.6.1.106/6.9808,EC:2.6.1.92/7.1023,EC:2.6.1.90/7.2067,EC:2.6.1.110/7.6268,EC:2.6.1.102/9.4089,EC:2.6.1.87/9.4698
tr|Q7V0J9|Q7V0J9_PROMP,EC:1.1.1.281/8.2789,EC:1.1.1.364/8.5031
tr|Q7V0K0|Q7V0K0_PROMP,EC:2.7.1.182/9.8782,EC:2.4.1.217/9.9998
tr|Q7V0K1|Q7V0K1_PROMP,EC:2.4.1.335/9.5677,EC:2.4.1.293/9.8639
tr|Q7V0K2|Q7V0K2_PROMP,EC:2.4.1.153/8.4718,EC:2.4.1.335/8.8595,EC:2.4.1.266/9.2316
tr|Q7V0K3|Q7V0K3_PROMP,EC:2.4.1.27/8.6879,EC:2.4.1.26/9.1626,EC:2.4.2.49/9.2153,EC:2.1.1.20/9.4490,EC:2.1.1.294/9.8342,EC:2.7.1.181/9.8342
tr|Q7V0K4|Q7V0K4_PROMP,EC:3.4.24.58/9.6322
tr|Q7V0K5|Q7V0K5_PROMP,EC:2.1.3.12/8.3983,EC:6.1.2.2/9.5468
tr|Q7V0K6|Q7V0K6_PROMP,EC:7.2.1.1/8.1146,EC:1.8.5.2/8.3807
tr|Q7V0K7|Q7V0K7_PROMP,EC:2.7.8.20/8.6812
tr|Q7V0K8|Q7V0K8_PROMP,EC:2.3.1.273/8.0974
tr|Q7V0K9|Q7V0K9_PROMP,EC:2.3.1.273/8.5414
tr|Q7V0L0|Q7V0L0_PROMP,EC:2.1.3.12/8.7187
tr|Q7V0L1|Q7V0L1_PROMP,EC:7.2.1.1/8.0646,EC:5.2.1.14/8.6251
tr|Q7V0L2|Q7V0L2_PROMP,EC:7.1.1.9/8.1868
tr|Q7V0L3|Q7V0L3_PROMP,EC:2.1.1.20/9.3629,EC:2.1.1.157/9.9666,EC:2.1.1.156/10.0839
tr|Q7V0L4|Q7V0L4_PROMP,EC:1.14.18.11/8.8562
tr|Q7V0L5|Q7V0L5_PROMP,EC:2.1.1.294/9.6247,EC:2.7.1.181/9.6247
tr|Q7V0L6|Q7V0L6_PROMP,EC:2.1.1.265/9.3720,EC:2.1.1.156/9.6799,EC:2.1.1.157/9.7009,EC:2.1.1.103/10.1251
tr|Q7V0L7|Q7V0L7_PROMP,EC:7.5.2.5/4.2075
tr|Q7V0L8|Q7V0L8_PROMP,EC:2.7.1.95/7.6364,EC:2.7.1.190/8.1314,EC:2.1.1.59/8.8940
tr|Q7V0L9|Q7V0L9_PROMP,EC:3.1.3.74/8.2579
tr|Q7V0M0|Q7V0M0_PROMP,EC:2.2.1.13/7.3013
tr|Q7V0M1|Q7V0M1_PROMP,EC:2.2.1.13/6.4804
tr|Q7V0M2|Q7V0M2_PROMP,EC:1.1.1.1/7.4748
tr|Q7V0M4|Q7V0M4_PROMP,EC:2.4.1.285/9.6104,EC:2.4.1.26/9.8293
tr|Q7V0M5|Q7V0M5_PROMP,EC:1.13.11.73/8.8382
tr|Q7V0M6|Q7V0M6_PROMP,EC:4.1.1.79/8.4592
tr|Q7V0M7|Q7V0M7_PROMP,EC:1.2.4.1/7.4773
tr|Q7V0M8|Q7V0M8_PROMP,EC:2.4.2.49/9.8341
tr|Q7V0M9|Q7V0M9_PROMP,EC:2.7.8.13/5.7507,EC:2.7.8.33/6.3876,EC:2.7.8.35/8.1715
tr|Q7V0N0|Q7V0N0_PROMP,EC:2.3.2.27/9.4753
tr|Q7V0N1|Q7V0N1_PROMP,EC:2.7.13.3/7.5217
tr|Q7V0N2|Q7V0N2_PROMP,EC:2.7.13.3/9.2384
tr|Q7V0N3|Q7V0N3_PROMP,EC:2.4.1.56/9.2497,EC:2.4.1.365/9.4845,EC:2.4.1.293/9.6048
tr|Q7V0N4|Q7V0N4_PROMP,EC:2.4.1.212/8.6724,EC:2.4.1.215/8.8819,EC:2.4.1.226/8.9022,EC:2.4.1.335/9.0879,EC:2.4.2.40/9.1300,EC:2.4.1.175/9.2081
tr|Q7V0N5|Q7V0N5_PROMP,EC:2.4.1.292/8.1492,EC:2.4.1.306/8.4962,EC:2.4.1.335/8.8012
tr|Q7V0N6|Q7V0N6_PROMP,EC:2.4.2.40/8.9150,EC:2.4.1.226/9.1025,EC:2.4.1.212/9.2852,EC:2.4.1.175/9.3705,EC:2.4.1.53/9.8111,EC:2.4.2.49/9.8487,EC:2.4.1.254/9.8502,EC:2.4.1.215/9.8679
tr|Q7V0N7|Q7V0N7_PROMP,EC:3.13.1.1/8.7115
tr|Q7V0N9|Q7V0N9_PROMP,EC:5.3.1.28/9.5293
tr|Q7V0P0|Q7V0P0_PROMP,EC:2.7.7.71/6.6854,EC:2.7.7.103/8.4047,EC:2.7.7.99/8.8142
tr|Q7V0P1|Q7V0P1_PROMP,EC:1.1.5.13/7.0338
tr|Q7V0P3|Q7V0P3_PROMP,EC:2.4.1.290/7.1474
tr|Q7V0P4|Q7V0P4_PROMP,EC:2.4.2.49/9.7068
tr|Q7V0P5|Q7V0P5_PROMP,EC:2.7.13.3/8.7270
tr|Q7V0P6|Q7V0P6_PROMP,EC:5.1.3.6/5.6803
tr|Q7V0Q0|Q7V0Q0_PROMP,EC:2.4.1.293/9.5322,EC:2.4.2.47/10.1205
tr|Q7V0Q1|Q7V0Q1_PROMP,EC:4.2.1.164/6.3967,EC:4.2.1.168/8.2875,EC:2.6.1.104/8.7660,EC:2.6.1.100/9.8884,EC:2.6.1.101/9.9018
tr|Q7V0Q2|Q7V0Q2_PROMP,EC:2.7.7.33/3.2563,EC:2.7.7.71/7.2672,EC:2.7.7.103/8.7253
tr|Q7V0Q3|Q7V0Q3_PROMP,EC:4.2.1.45/7.2295,EC:3.2.1.106/9.6487
tr|Q7V0Q4|Q7V0Q4_PROMP,EC:1.1.1.344/8.6884,EC:1.1.1.339/9.7024
tr|Q7V0Q5|Q7V0Q5_PROMP,EC:5.1.3.10/6.1475,EC:5.1.3.25/8.2782
tr|Q7V0Q6|Q7V0Q6_PROMP,EC:2.4.2.53/7.8313,EC:2.4.1.335/9.5653
tr|Q7V0Q7|Q7V0Q7_PROMP,EC:5.1.3.34/7.9867
tr|Q7V0Q8|Q7V0Q8_PROMP,EC:2.4.1.293/9.3599
tr|Q7V0Q9|Q7V0Q9_PROMP,EC:2.4.2.47/9.6464
tr|Q7V0R1|Q7V0R1_PROMP,EC:3.1.26.5/7.6896
tr|Q7V0R2|Q7V0R2_PROMP,EC:2.3.1.n7/9.3882
tr|Q7V0R4|Q7V0R4_PROMP,EC:3.1.3.7/5.8727
tr|Q7V0R9|Q7V0R9_PROMP,EC:2.1.1.86/7.7803,EC:5.2.1.14/8.2824
tr|Q7V0S2|Q7V0S2_PROMP,EC:1.14.18.3/8.8102
tr|Q7V0S4|Q7V0S4_PROMP,EC:3.4.21.102/7.3619
tr|Q7V0S5|Q7V0S5_PROMP,EC:2.3.1.269/9.0136
tr|Q7V0S6|Q7V0S6_PROMP,EC:2.5.1.31/9.1962
tr|Q7V0S7|Q7V0S7_PROMP,EC:2.4.2.43/7.9084
tr|Q7V0S8|Q7V0S8_PROMP,EC:2.7.13.3/9.2136
tr|Q7V0S9|Q7V0S9_PROMP,EC:2.5.1.151/8.0546,EC:1.16.1.6/8.0546,EC:3.4.23.2/8.5776
tr|Q7V0T0|Q7V0T0_PROMP,EC:3.2.1.4/10.3708
tr|Q7V0T1|Q7V0T1_PROMP,EC:1.21.99.4/8.0908,EC:2.1.1.9/9.3692,EC:1.11.1.20/9.4113
tr|Q7V0T2|Q7V0T2_PROMP,EC:3.1.1.32/8.8738
tr|Q7V0T3|Q7V0T3_PROMP,EC:1.3.7.3/7.7309
tr|Q7V0T4|Q7V0T4_PROMP,EC:1.3.7.3/7.9735
tr|Q7V0T5|Q7V0T5_PROMP,EC:2.1.1.103/9.0049,EC:2.1.1.156/10.1702,EC:2.4.1.208/10.3364
tr|Q7V0T6|Q7V0T6_PROMP,EC:5.3.3.10/9.2860,EC:4.1.1.84/9.6014
tr|Q7V0T7|Q7V0T7_PROMP,EC:3.5.4.27/7.8359,EC:1.3.7.12/8.0288
tr|Q7V0T9|Q7V0T9_PROMP,EC:3.8.1.2/9.3928
tr|Q7V0U0|Q7V0U0_PROMP,EC:3.1.1.3/7.1820
tr|Q7V0U1|Q7V0U1_PROMP,EC:1.17.5.2/9.2822
tr|Q7V0U9|Q7V0U9_PROMP,EC:2.3.1.51/7.9601
tr|Q7V0V0|Q7V0V0_PROMP,EC:2.1.1.254/9.2251
tr|Q7V0V1|Q7V0V1_PROMP,EC:3.1.26.5/7.3905
tr|Q7V0V3|Q7V0V3_PROMP,EC:1.3.7.5/7.1850,EC:2.5.1.83/7.4099,EC:4.2.3.38/8.1894
tr|Q7V0V4|Q7V0V4_PROMP,EC:2.1.1.148/7.1449
tr|Q7V0V5|Q7V0V5_PROMP,EC:7.1.1.1/7.8737
tr|Q7V0V8|Q7V0V8_PROMP,EC:3.1.1.32/8.2184
tr|Q7V0V9|Q7V0V9_PROMP,EC:1.16.1.7/8.8847
tr|Q7V0W3|Q7V0W3_PROMP,EC:7.2.2.6/10.5365
tr|Q7V0W5|Q7V0W5_PROMP,EC:4.2.3.38/9.1286
tr|Q7V0W6|Q7V0W6_PROMP,EC:3.7.1.21/8.4861
tr|Q7V0W7|Q7V0W7_PROMP,EC:3.4.13.9/9.4280
tr|Q7V0W9|Q7V0W9_PROMP,EC:2.3.1.12/8.3585,EC:1.17.1.4/8.4118
tr|Q7V0X0|Q7V0X0_PROMP,EC:3.1.1.4/8.1081
tr|Q7V0X1|Q7V0X1_PROMP,EC:3.1.1.4/7.7195
tr|Q7V0X2|Q7V0X2_PROMP,EC:3.1.21.4/6.1651
tr|Q7V0X3|Q7V0X3_PROMP,EC:2.7.13.3/9.4980,EC:2.4.1.212/10.4432
tr|Q7V0X4|Q7V0X4_PROMP,EC:3.6.1.27/8.9361
tr|Q7V0X6|Q7V0X6_PROMP,EC:3.2.1.81/7.6772
tr|Q7V0X7|Q7V0X7_PROMP,EC:1.3.7.12/8.3789
tr|Q7V0X8|Q7V0X8_PROMP,EC:3.2.1.81/7.9867
tr|Q7V0Y0|Q7V0Y0_PROMP,EC:2.3.1.n4/8.5534
tr|Q7V0Y1|Q7V0Y1_PROMP,EC:2.7.13.3/6.6554
tr|Q7V0Y2|Q7V0Y2_PROMP,EC:2.5.1.83/8.0825,EC:1.14.13.107/8.4453
tr|Q7V0Y3|Q7V0Y3_PROMP,EC:1.11.1.9/8.4562
tr|Q7V0Y4|Q7V0Y4_PROMP,EC:2.7.6.5/9.0744
tr|Q7V0Y5|Q7V0Y5_PROMP,EC:2.1.1.86/7.0635,EC:4.2.3.38/7.9285
tr|Q7V0Y6|Q7V0Y6_PROMP,EC:2.3.1.n4/5.5284
tr|Q7V0Y8|Q7V0Y8_PROMP,EC:1.3.7.5/6.9990,EC:1.3.7.3/7.5251,EC:2.5.1.151/7.5618,EC:1.16.1.6/7.5618,EC:3.4.23.2/8.0311
tr|Q7V0Y9|Q7V0Y9_PROMP,EC:7.6.2.5/8.3307
tr|Q7V0Z0|Q7V0Z0_PROMP,EC:2.1.1.100/7.6362,EC:2.1.1.334/8.4169
tr|Q7V0Z2|Q7V0Z2_PROMP,EC:3.1.11.5/5.8518
tr|Q7V0Z3|Q7V0Z3_PROMP,EC:3.6.4.13/6.4800
tr|Q7V0Z4|Q7V0Z4_PROMP,EC:5.3.99.2/8.8580
tr|Q7V0Z5|Q7V0Z5_PROMP,EC:7.6.2.2/5.0367,EC:7.6.2.3/6.7209
tr|Q7V0Z6|Q7V0Z6_PROMP,EC:3.5.2.6/7.8655
tr|Q7V0Z9|Q7V0Z9_PROMP,EC:1.3.7.3/8.9735,EC:6.3.2.43/9.0059
tr|Q7V105|Q7V105_PROMP,EC:2.3.1.266/6.0400,EC:2.3.1.258/8.1197,EC:2.3.1.202/8.4551
tr|Q7V107|Q7V107_PROMP,EC:1.1.1.261/7.1058,EC:1.1.1.309/7.6807
tr|Q7V108|Q7V108_PROMP,EC:5.1.1.1/8.0659
tr|Q7V109|Q7V109_PROMP,EC:2.7.13.3/7.3097
tr|Q7V112|Q7V112_PROMP,EC:1.3.7.2/8.9838
tr|Q7V114|Q7V114_PROMP,EC:3.3.2.10/7.7235
tr|Q7V117|Q7V117_PROMP,EC:2.3.2.22/8.6708
tr|Q7V118|Q7V118_PROMP,EC:1.14.16.5/8.0764
tr|Q7V119|Q7V119_PROMP,EC:2.5.1.29/3.3366
tr|Q7V120|Q7V120_PROMP,EC:2.7.13.3/7.0557,EC:3.1.4.59/7.7928
tr|Q7V122|Q7V122_PROMP,EC:2.4.1.198/8.9801
tr|Q7V123|Q7V123_PROMP,EC:5.5.1.19/6.1135,EC:5.3.99.9/7.1896
tr|Q7V125|Q7V125_PROMP,EC:2.8.1.10/8.1773
tr|Q7V126|Q7V126_PROMP,EC:1.11.1.24/7.6342
tr|Q7V128|Q7V128_PROMP,EC:2.1.1.171/6.8180
tr|Q7V130|Q7V130_PROMP,EC:7.1.1.8/6.3387
tr|Q7V134|Q7V134_PROMP,EC:2.1.1.258/8.9309
tr|Q7V136|Q7V136_PROMP,EC:1.3.7.5/8.5982
tr|Q7V137|Q7V137_PROMP,EC:7.2.2.9/9.2071
tr|Q7V138|Q7V138_PROMP,EC:2.7.8.40/9.1065
tr|Q7V139|Q7V139_PROMP,EC:2.7.13.3/7.2781
tr|Q7V140|Q7V140_PROMP,EC:2.3.2.27/8.3660
tr|Q7V141|Q7V141_PROMP,EC:4.2.1.90/9.8899
tr|Q7V142|Q7V142_PROMP,EC:2.7.1.73/8.3696
tr|Q7V143|Q7V143_PROMP,EC:2.7.13.3/7.6718
tr|Q7V144|Q7V144_PROMP,EC:1.11.1.7/7.9661
tr|Q7V145|Q7V145_PROMP,EC:4.2.1.141/9.5929
tr|Q7V146|Q7V146_PROMP,EC:3.1.1.80/9.5558
tr|Q7V147|Q7V147_PROMP,EC:4.2.3.104/8.5531
tr|Q7V148|Q7V148_PROMP,EC:6.3.2.3/7.5991,EC:6.3.2.25/9.1804
tr|Q7V149|Q7V149_PROMP,EC:3.2.1.4/7.8771
tr|Q7V150|Q7V150_PROMP,EC:1.3.7.7/7.8323
tr|Q7V151|Q7V151_PROMP,EC:2.1.1.86/7.8738,EC:5.2.1.14/8.4468
tr|Q7V152|Q7V152_PROMP,EC:2.4.1.14/9.5779
tr|Q7V153|Q7V153_PROMP,EC:2.4.1.21/8.9982
tr|Q7V154|Q7V154_PROMP,EC:4.3.2.5/8.3794
tr|Q7V155|Q7V155_PROMP,EC:7.2.2.5/7.0754
tr|Q7V156|Q7V156_PROMP,EC:1.12.98.3/8.4738
tr|Q7V157|Q7V157_PROMP,EC:2.7.1.202/9.1811
tr|Q7V158|Q7V158_PROMP,EC:1.1.2.7/8.5309
tr|Q7V159|Q7V159_PROMP,EC:3.6.1.9/7.9937
tr|Q7V160|Q7V160_PROMP,EC:3.5.4.1/9.2628
tr|Q7V161|Q7V161_PROMP,EC:2.3.1.263/8.0085,EC:4.3.1.14/8.3951
tr|Q7V162|Q7V162_PROMP,EC:2.8.2.17/8.7309
tr|Q7V163|Q7V163_PROMP,EC:2.1.1.86/9.0167
tr|Q7V164|Q7V164_PROMP,EC:1.23.5.1/7.6788,EC:1.13.12.13/8.1430
tr|Q7V165|Q7V165_PROMP,EC:1.3.7.5/8.2230
tr|Q7V166|Q7V166_PROMP,EC:1.14.14.119/9.3221
tr|Q7V167|Q7V167_PROMP,EC:3.1.1.32/7.9491
tr|Q7V168|Q7V168_PROMP,EC:4.4.1.20/6.8145
tr|Q7V169|Q7V169_PROMP,EC:3.1.21.4/7.1705
tr|Q7V170|Q7V170_PROMP,EC:1.3.7.5/7.7963
tr|Q7V171|Q7V171_PROMP,EC:3.1.2.28/7.7276
tr|Q7V172|Q7V172_PROMP,EC:2.7.1.19/7.8204
tr|Q7V173|Q7V173_PROMP,EC:6.2.1.14/6.7053
tr|Q7V175|Q7V175_PROMP,EC:1.3.7.15/8.3548
tr|Q7V176|Q7V176_PROMP,EC:2.7.11.1/9.6290
tr|Q7V177|Q7V177_PROMP,EC:1.11.1.9/4.7399
tr|Q7V178|Q7V178_PROMP,EC:2.1.1.86/8.1980,EC:3.4.17.6/8.8221,EC:2.4.2.47/9.8448
tr|Q7V181|Q7V181_PROMP,EC:3.5.2.6/9.7486
tr|Q7V182|Q7V182_PROMP,EC:3.4.23.1/8.0961
tr|Q7V183|Q7V183_PROMP,EC:2.1.1.86/8.0260
tr|Q7V184|Q7V184_PROMP,EC:5.5.1.6/10.1239
tr|Q7V185|Q7V185_PROMP,EC:2.1.1.86/7.8096,EC:1.1.5.2/8.2250,EC:2.1.1.210/8.4346
tr|Q7V186|Q7V186_PROMP,EC:5.3.1.32/8.5392
tr|Q7V187|Q7V187_PROMP,EC:1.14.14.138/8.8367
tr|Q7V188|Q7V188_PROMP,EC:2.3.1.82/8.2838
tr|Q7V189|Q7V189_PROMP,EC:3.4.13.21/5.9937,EC:3.4.15.6/9.2474
tr|Q7V190|Q7V190_PROMP,EC:1.3.7.3/8.0753,EC:4.2.3.38/8.1467,EC:2.4.1.269/8.1923
tr|Q7V191|Q7V191_PROMP,EC:1.6.3.5/8.4312
tr|Q7V192|Q7V192_PROMP,EC:2.7.1.48/7.3013
tr|Q7V193|Q7V193_PROMP,EC:3.6.4.12/8.2418
tr|Q7V194|Q7V194_PROMP,EC:2.4.2.6/6.2119
tr|Q7V195|Q7V195_PROMP,EC:1.3.7.3/5.6883
tr|Q7V196|Q7V196_PROMP,EC:1.3.7.15/8.7919
tr|Q7V197|Q7V197_PROMP,EC:3.1.21.4/7.8207
tr|Q7V198|Q7V198_PROMP,EC:1.3.7.7/9.9563
tr|Q7V199|Q7V199_PROMP,EC:5.3.4.1/8.9360
tr|Q7V1A0|Q7V1A0_PROMP,EC:3.1.1.4/7.0793
tr|Q7V1A1|Q7V1A1_PROMP,EC:7.5.2.5/9.0780
tr|Q7V1A2|Q7V1A2_PROMP,EC:2.4.1.236/10.3541
tr|Q7V1A3|Q7V1A3_PROMP,EC:7.2.2.4/8.0257
tr|Q7V1A4|Q7V1A4_PROMP,EC:1.3.7.5/8.1442,EC:2.5.1.151/8.2896,EC:1.16.1.6/8.2896
tr|Q7V1A5|Q7V1A5_PROMP,EC:7.3.2.1/7.2250
tr|Q7V1A6|Q7V1A6_PROMP,EC:2.1.1.374/9.4870
tr|Q7V1A7|Q7V1A7_PROMP,EC:7.3.2.1/9.1728
tr|Q7V1A8|Q7V1A8_PROMP,EC:2.3.1.61/9.0429
tr|Q7V1A9|Q7V1A9_PROMP,EC:3.2.1.4/7.2806
tr|Q7V1B7|Q7V1B7_PROMP,EC:2.4.1.266/8.0593,EC:2.4.1.153/9.2070,EC:2.4.2.46/9.4704,EC:2.4.1.117/9.5470,EC:2.4.1.33/9.7315
tr|Q7V1B8|Q7V1B8_PROMP,EC:2.4.1.352/5.3918,EC:2.4.1.7/7.9368
tr|Q7V1B9|Q7V1B9_PROMP,EC:3.1.3.70/6.5296
tr|Q7V1C0|Q7V1C0_PROMP,EC:2.7.4.13/8.6367
tr|Q7V1C1|Q7V1C1_PROMP,EC:6.4.1.8/8.1344,EC:4.2.1.110/9.4365,EC:3.5.1.56/9.4414
tr|Q7V1C2|Q7V1C2_PROMP,EC:3.4.24.21/9.1076
tr|Q7V1C5|Q7V1C5_PROMP,EC:7.6.2.2/6.1095
tr|Q7V1C6|Q7V1C6_PROMP,EC:1.3.7.5/7.3704
tr|Q7V1C9|Q7V1C9_PROMP,EC:1.12.98.3/7.9886
tr|Q7V1D2|Q7V1D2_PROMP,EC:7.1.3.1/8.4381
tr|Q7V1D4|Q7V1D4_PROMP,EC:2.4.1.275/9.0090,EC:2.4.1.90/9.1615,EC:2.4.1.38/9.5393
tr|Q7V1D5|Q7V1D5_PROMP,EC:5.6.1.1/8.6802
tr|Q7V1D7|Q7V1D7_PROMP,EC:2.7.7.7/5.1727
tr|Q7V1D8|Q7V1D8_PROMP,EC:3.4.21.88/7.1616,EC:3.4.24.76/9.6782
tr|Q7V1E0|Q7V1E0_PROMP,EC:2.1.3.15/7.2852
tr|Q7V1E3|Q7V1E3_PROMP,EC:2.1.1.86/9.5613
tr|Q7V1E7|Q7V1E7_PROMP,EC:2.7.13.3/8.0233
tr|Q7V1E8|Q7V1E8_PROMP,EC:2.9.1.3/7.9053
tr|Q7V1E9|Q7V1E9_PROMP,EC:4.1.1.97/8.2351
tr|Q7V1F0|Q7V1F0_PROMP,EC:2.7.11.1/7.4047
tr|Q7V1F1|Q7V1F1_PROMP,EC:4.2.3.38/7.3388,EC:1.3.7.3/7.5302
tr|Q7V1F2|Q7V1F2_PROMP,EC:2.4.1.241/9.7503
tr|Q7V1F5|Q7V1F5_PROMP,EC:3.5.4.33/5.5405
tr|Q7V1F6|Q7V1F6_PROMP,EC:4.1.1.105/5.6339
tr|Q7V1F7|Q7V1F7_PROMP,EC:2.7.13.3/7.4492
tr|Q7V1F9|Q7V1F9_PROMP,EC:2.5.1.145/9.1130,EC:2.1.1.80/9.1225
tr|Q7V1G0|Q7V1G0_PROMP,EC:3.4.21.107/8.0874
tr|Q7V1G2|Q7V1G2_PROMP,EC:3.6.1.31/6.2216
tr|Q7V1G3|Q7V1G3_PROMP,EC:2.3.1.284/8.1200
tr|Q7V1G4|Q7V1G4_PROMP,EC:2.3.2.27/8.3310
tr|Q7V1G7|Q7V1G7_PROMP,EC:2.1.1.86/8.2277,EC:1.1.2.6/8.7294
tr|Q7V1G8|Q7V1G8_PROMP,EC:1.3.7.2/8.4958
tr|Q7V1G9|Q7V1G9_PROMP,EC:7.1.1.7/8.5968
tr|Q7V1H1|Q7V1H1_PROMP,EC:5.6.2.2/7.1683
tr|Q7V1H3|Q7V1H3_PROMP,EC:1.3.5.4/8.3323
tr|Q7V1H5|Q7V1H5_PROMP,EC:5.2.1.8/7.7406
tr|Q7V1H6|Q7V1H6_PROMP,EC:4.99.1.10/7.4094
tr|Q7V1I4|Q7V1I4_PROMP,EC:2.8.1.7/6.8053
tr|Q7V1I5|Q7V1I5_PROMP,EC:1.3.7.3/6.4443
tr|Q7V1I6|Q7V1I6_PROMP,EC:3.4.16.4/6.7023
tr|Q7V1I8|Q7V1I8_PROMP,EC:1.16.1.10/7.2419,EC:1.5.1.36/8.4586
tr|Q7V1J1|Q7V1J1_PROMP,EC:3.1.3.15/8.2131,EC:3.1.4.57/9.0460
tr|Q7V1J2|Q7V1J2_PROMP,EC:4.2.3.59/8.8667
tr|Q7V1J4|Q7V1J4_PROMP,EC:3.6.1.1/8.9457
tr|Q7V1J5|Q7V1J5_PROMP,EC:2.7.1.161/8.0599,EC:2.5.1.151/8.7167,EC:1.16.1.6/8.7167,EC:3.1.3.84/9.0137
tr|Q7V1J6|Q7V1J6_PROMP,EC:2.7.7.12/7.3469,EC:2.7.7.53/7.3822,EC:2.7.7.5/7.4469
tr|Q7V1J7|Q7V1J7_PROMP,EC:3.1.21.4/7.9710
tr|Q7V1J9|Q7V1J9_PROMP,EC:3.1.13.1/7.3316
tr|Q7V1K1|Q7V1K1_PROMP,EC:3.1.21.4/8.2074
tr|Q7V1K2|Q7V1K2_PROMP,EC:2.1.1.86/6.9741,EC:3.1.1.45/8.7196
tr|Q7V1K5|Q7V1K5_PROMP,EC:3.2.2.17/7.7968,EC:3.3.1.2/8.1204
tr|Q7V1K6|Q7V1K6_PROMP,EC:6.2.1.14/8.3615
tr|Q7V1K7|Q7V1K7_PROMP,EC:2.7.7.6/7.8693
tr|Q7V1K8|Q7V1K8_PROMP,EC:1.4.3.2/8.0960
tr|Q7V1K9|Q7V1K9_PROMP,EC:1.11.1.26/4.2009
tr|Q7V1L0|Q7V1L0_PROMP,EC:2.4.1.198/9.0669
tr|Q7V1L3|Q7V1L3_PROMP,EC:2.1.1.86/8.6398
tr|Q7V1L4|Q7V1L4_PROMP,EC:3.1.3.104/7.0426
tr|Q7V1L5|Q7V1L5_PROMP,EC:4.1.1.83/9.7409
tr|Q7V1L6|Q7V1L6_PROMP,EC:2.1.1.17/8.7594
tr|Q7V1L7|Q7V1L7_PROMP,EC:2.1.1.17/8.6651,EC:1.3.7.11/9.1918
tr|Q7V1L8|Q7V1L8_PROMP,EC:3.1.13.1/6.3336
tr|Q7V1L9|Q7V1L9_PROMP,EC:2.1.3.1/7.6515
tr|Q7V1M0|Q7V1M0_PROMP,EC:1.3.7.5/7.3909
tr|Q7V1M2|Q7V1M2_PROMP,EC:1.1.1.34/9.5754
tr|Q7V1M3|Q7V1M3_PROMP,EC:1.1.1.34/10.6466
tr|Q7V1M4|Q7V1M4_PROMP,EC:3.1.3.27/7.6390
tr|Q7V1M6|Q7V1M6_PROMP,EC:1.3.7.5/7.3864
tr|Q7V1M7|Q7V1M7_PROMP,EC:3.1.21.4/6.3567,EC:2.1.1.148/7.3592,EC:2.5.1.83/7.6244
tr|Q7V1M8|Q7V1M8_PROMP,EC:2.7.7.6/9.1949
tr|Q7V1M9|Q7V1M9_PROMP,EC:1.14.13.240/7.3918,EC:1.14.13.182/8.1702
tr|Q7V1N0|Q7V1N0_PROMP,EC:3.2.2.5/9.4614
tr|Q7V1N5|Q7V1N5_PROMP,EC:2.7.7.6/9.0021
tr|Q7V1N6|Q7V1N6_PROMP,EC:7.5.2.3/6.2961
tr|Q7V1N7|Q7V1N7_PROMP,EC:3.1.11.5/8.3453
tr|Q7V1N9|Q7V1N9_PROMP,EC:3.6.5.5/8.9892
tr|Q7V1P1|Q7V1P1_PROMP,EC:2.4.1.266/9.6762
tr|Q7V1P2|Q7V1P2_PROMP,EC:6.2.1.14/7.7093
tr|Q7V1P3|Q7V1P3_PROMP,EC:3.5.1.56/8.6227
tr|Q7V1P4|Q7V1P4_PROMP,EC:4.2.1.133/7.6204
tr|Q7V1P5|Q7V1P5_PROMP,EC:1.3.7.3/7.0304
tr|Q7V1P6|Q7V1P6_PROMP,EC:2.7.11.1/8.6515
tr|Q7V1P7|Q7V1P7_PROMP,EC:5.4.99.5/8.1829,EC:1.14.13.244/8.5402
tr|Q7V1P8|Q7V1P8_PROMP,EC:3.2.2.22/7.8150
tr|Q7V1P9|Q7V1P9_PROMP,EC:1.14.13.179/8.7098
tr|Q7V1Q0|Q7V1Q0_PROMP,EC:7.6.2.8/5.9540,EC:7.2.2.5/6.7664,EC:7.2.2.16/6.8338
tr|Q7V1Q1|Q7V1Q1_PROMP,EC:5.4.99.5/6.5331
tr|Q7V1Q3|Q7V1Q3_PROMP,EC:7.2.2.7/4.6258
tr|Q7V1Q5|Q7V1Q5_PROMP,EC:1.4.1.11/7.7353,EC:1.1.1.65/8.7460
tr|Q7V1Q6|Q7V1Q6_PROMP,EC:5.4.99.5/6.4082
tr|Q7V1Q7|Q7V1Q7_PROMP,EC:5.2.1.2/8.0774
tr|Q7V1Q9|Q7V1Q9_PROMP,EC:1.1.1.341/8.9178
tr|Q7V1R0|Q7V1R0_PROMP,EC:4.6.1.1/8.4539
tr|Q7V1R1|Q7V1R1_PROMP,EC:2.4.1.198/8.3150
tr|Q7V1R2|Q7V1R2_PROMP,EC:4.1.1.4/9.5264
tr|Q7V1R3|Q7V1R3_PROMP,EC:2.3.1.48/8.4934,EC:2.4.2.49/8.7414
tr|Q7V1R5|Q7V1R5_PROMP,EC:1.14.11.32/9.0416
tr|Q7V1R6|Q7V1R6_PROMP,EC:3.1.3.27/5.0932
tr|Q7V1S2|Q7V1S2_PROMP,EC:3.2.2.5/8.6425
tr|Q7V1S3|Q7V1S3_PROMP,EC:1.1.1.368/8.8631,EC:2.1.1.304/9.0042,EC:1.1.1.292/9.7610
tr|Q7V1S7|Q7V1S7_PROMP,EC:2.7.1.148/9.2466
tr|Q7V1S8|Q7V1S8_PROMP,EC:1.11.1.7/8.2938
tr|Q7V1S9|Q7V1S9_PROMP,EC:2.4.2.9/7.8172
tr|Q7V1T0|Q7V1T0_PROMP,EC:2.7.13.3/8.8224
tr|Q7V1T2|Q7V1T2_PROMP,EC:1.3.7.2/7.8497
tr|Q7V1T3|Q7V1T3_PROMP,EC:3.2.1.151/9.4315
tr|Q7V1U1|Q7V1U1_PROMP,EC:7.6.2.2/9.2210
tr|Q7V1U2|Q7V1U2_PROMP,EC:1.3.7.12/8.3596,EC:1.3.1.78/8.5305
tr|Q7V1U4|Q7V1U4_PROMP,EC:3.4.13.22/8.8077
tr|Q7V1U7|Q7V1U7_PROMP,EC:1.8.1.2/5.6451
tr|Q7V1V1|Q7V1V1_PROMP,EC:2.4.1.287/9.8126
tr|Q7V1V2|Q7V1V2_PROMP,EC:7.2.4.3/8.4695
tr|Q7V1V3|Q7V1V3_PROMP,EC:7.3.2.2/7.3556
tr|Q7V1V4|Q7V1V4_PROMP,EC:1.14.13.128/10.2043
tr|Q7V1V5|Q7V1V5_PROMP,EC:2.1.1.86/9.7986
tr|Q7V1V6|Q7V1V6_PROMP,EC:3.4.24.64/8.0297
tr|Q7V1V7|Q7V1V7_PROMP,EC:3.1.26.5/8.7751
tr|Q7V1V8|Q7V1V8_PROMP,EC:2.3.1.263/9.1319
tr|Q7V1W3|Q7V1W3_PROMP,EC:6.2.1.14/6.7822
tr|Q7V1W4|Q7V1W4_PROMP,EC:5.4.99.5/8.7093
tr|Q7V1W5|Q7V1W5_PROMP,EC:2.8.2.17/7.4550
tr|Q7V1W6|Q7V1W6_PROMP,EC:2.5.1.83/7.7712
tr|Q7V1W7|Q7V1W7_PROMP,EC:3.1.21.4/6.7367
tr|Q7V1W8|Q7V1W8_PROMP,EC:1.3.7.5/8.1042
tr|Q7V1W9|Q7V1W9_PROMP,EC:3.1.26.11/7.7981,EC:3.1.4.55/9.3760
tr|Q7V1X1|Q7V1X1_PROMP,EC:3.1.11.1/8.5898
tr|Q7V1X2|Q7V1X2_PROMP,EC:1.1.1.14/8.9947
tr|Q7V1X6|Q7V1X6_PROMP,EC:2.1.1.86/7.1152,EC:1.4.9.1/7.9216,EC:1.1.2.7/8.6262
tr|Q7V1X7|Q7V1X7_PROMP,EC:1.17.7.2/9.2715
tr|Q7V1X8|Q7V1X8_PROMP,EC:1.12.98.3/7.8986
tr|Q7V1X9|Q7V1X9_PROMP,EC:3.6.1.27/7.8447
tr|Q7V1Y0|Q7V1Y0_PROMP,EC:4.2.1.2/8.2050
tr|Q7V1Y1|Q7V1Y1_PROMP,EC:7.6.2.11/9.0546
tr|Q7V1Y3|Q7V1Y3_PROMP,EC:2.1.1.80/9.6392
tr|Q7V1Y4|Q7V1Y4_PROMP,EC:1.1.1.4/8.8511
tr|Q7V1Y5|Q7V1Y5_PROMP,EC:3.1.3.1/7.3684
tr|Q7V1Y6|Q7V1Y6_PROMP,EC:3.2.1.78/7.8764
tr|Q7V1Y7|Q7V1Y7_PROMP,EC:1.8.3.4/9.5210
tr|Q7V1Y8|Q7V1Y8_PROMP,EC:2.7.13.3/4.5624
tr|Q7V1Y9|Q7V1Y9_PROMP,EC:2.7.13.3/6.5982
tr|Q7V1Z0|Q7V1Z0_PROMP,EC:3.1.4.59/8.8200
tr|Q7V1Z1|Q7V1Z1_PROMP,EC:3.6.1.54/8.3684,EC:2.7.1.221/8.6660
tr|Q7V1Z2|Q7V1Z2_PROMP,EC:2.1.1.86/8.2647
tr|Q7V1Z3|Q7V1Z3_PROMP,EC:3.1.1.20/9.5740
tr|Q7V1Z4|Q7V1Z4_PROMP,EC:3.4.19.16/9.1054
tr|Q7V1Z5|Q7V1Z5_PROMP,EC:2.1.1.86/7.3436,EC:1.4.9.1/8.5787
tr|Q7V1Z6|Q7V1Z6_PROMP,EC:3.2.2.17/8.6891
tr|Q7V1Z7|Q7V1Z7_PROMP,EC:3.4.17.6/9.3204
tr|Q7V1Z8|Q7V1Z8_PROMP,EC:2.1.1.86/7.1904,EC:3.4.17.6/7.8417
tr|Q7V1Z9|Q7V1Z9_PROMP,EC:2.7.7.13/7.8744
tr|Q7V200|Q7V200_PROMP,EC:1.1.1.398/8.0654,EC:1.1.1.320/8.3829
tr|Q7V201|Q7V201_PROMP,EC:3.4.23.2/7.7512
tr|Q7V202|Q7V202_PROMP,EC:4.6.1.23/8.3417
tr|Q7V203|Q7V203_PROMP,EC:2.1.1.86/7.3308
tr|Q7V204|Q7V204_PROMP,EC:2.6.1.45/7.4475
tr|Q7V205|Q7V205_PROMP,EC:3.1.1.4/6.5561,EC:3.4.24.50/7.5989
tr|Q7V206|Q7V206_PROMP,EC:1.14.13.244/7.6475
tr|Q7V207|Q7V207_PROMP,EC:4.1.99.11/6.1007
tr|Q7V210|Q7V210_PROMP,EC:2.1.1.320/7.6704
tr|Q7V211|Q7V211_PROMP,EC:1.8.5.2/9.8155
tr|Q7V212|Q7V212_PROMP,EC:3.1.4.46/7.7486
tr|Q7V214|Q7V214_PROMP,EC:3.4.21.102/3.6223
tr|Q7V218|Q7V218_PROMP,EC:4.1.99.5/8.8470
tr|Q7V219|Q7V219_PROMP,EC:7.3.2.2/5.7580
tr|Q7V220|Q7V220_PROMP,EC:2.7.13.3/8.2522
tr|Q7V221|Q7V221_PROMP,EC:3.1.1.112/7.5904
tr|Q7V222|Q7V222_PROMP,EC:2.7.1.216/9.0120
tr|Q7V224|Q7V224_PROMP,EC:1.3.7.2/7.9805
tr|Q7V225|Q7V225_PROMP,EC:7.2.2.5/9.1697
tr|Q7V227|Q7V227_PROMP,EC:2.7.13.3/8.5612,EC:2.4.2.46/8.8940,EC:2.1.1.210/9.0086
tr|Q7V229|Q7V229_PROMP,EC:2.1.1.103/9.6796,EC:2.1.1.187/9.7236,EC:2.4.1.270/10.2165
tr|Q7V230|Q7V230_PROMP,EC:1.17.4.2/4.3444,EC:1.1.98.6/8.3140,EC:2.3.1.54/8.6718
tr|Q7V231|Q7V231_PROMP,EC:6.5.1.1/6.5471
tr|Q7V233|Q7V233_PROMP,EC:1.14.14.58/9.6831
tr|Q7V234|Q7V234_PROMP,EC:2.1.1.86/9.0587
tr|Q7V235|Q7V235_PROMP,EC:1.16.1.7/8.1442
tr|Q7V236|Q7V236_PROMP,EC:2.1.1.86/8.8992
tr|Q7V237|Q7V237_PROMP,EC:4.2.1.2/7.7118
tr|Q7V238|Q7V238_PROMP,EC:3.1.21.4/8.0146,EC:3.2.1.129/8.4472
tr|Q7V239|Q7V239_PROMP,EC:1.11.1.7/8.8548
tr|Q7V240|Q7V240_PROMP,EC:1.1.1.181/9.5792
tr|Q7V241|Q7V241_PROMP,EC:4.2.1.2/7.9139
tr|Q7V243|Q7V243_PROMP,EC:1.2.1.28/9.9995
tr|Q7V244|Q7V244_PROMP,EC:2.3.1.15/8.5276
tr|Q7V246|Q7V246_PROMP,EC:4.2.3.38/7.8279
tr|Q7V247|Q7V247_PROMP,EC:1.1.1.47/9.1065
tr|Q7V248|Q7V248_PROMP,EC:2.1.1.206/9.1459
tr|Q7V249|Q7V249_PROMP,EC:1.3.98.3/9.6192
tr|Q7V250|Q7V250_PROMP,EC:4.99.1.10/8.5852
tr|Q7V251|Q7V251_PROMP,EC:3.3.2.1/6.3278,EC:3.5.1.19/8.1830,EC:6.3.2.14/8.6991,EC:3.5.1.107/9.1441,EC:3.3.2.15/9.1966
tr|Q7V252|Q7V252_PROMP,EC:2.7.13.3/8.0246
tr|Q7V253|Q7V253_PROMP,EC:1.3.1.33/7.2214
tr|Q7V254|Q7V254_PROMP,EC:5.3.99.8/6.6563,EC:5.3.99.9/7.1369
tr|Q7V255|Q7V255_PROMP,EC:1.6.5.10/6.9714
tr|Q7V256|Q7V256_PROMP,EC:2.5.1.18/8.7631
tr|Q7V257|Q7V257_PROMP,EC:1.3.7.5/8.3973,EC:6.4.1.8/8.5654
tr|Q7V258|Q7V258_PROMP,EC:5.4.4.8/8.7304
tr|Q7V260|Q7V260_PROMP,EC:2.1.1.113/8.0166
tr|Q7V261|Q7V261_PROMP,EC:1.3.7.2/8.5078
tr|Q7V262|Q7V262_PROMP,EC:2.7.13.3/7.1123
tr|Q7V264|Q7V264_PROMP,EC:3.1.1.4/7.7024
tr|Q7V265|Q7V265_PROMP,EC:3.1.11.1/7.5997
tr|Q7V266|Q7V266_PROMP,EC:3.1.1.14/7.3340
tr|Q7V268|Q7V268_PROMP,EC:2.5.1.84/4.2267,EC:2.5.1.91/5.2989
tr|Q7V269|Q7V269_PROMP,EC:3.5.1.28/4.4913
tr|Q7V270|Q7V270_PROMP,EC:3.5.1.128/3.6927,EC:3.5.1.3/6.4890,EC:3.5.1.111/8.3414
tr|Q7V273|Q7V273_PROMP,EC:2.1.1.61/8.7818
tr|Q7V279|Q7V279_PROMP,EC:4.2.1.2/8.6276
tr|Q7V280|Q7V280_PROMP,EC:4.1.2.10/8.6255
tr|Q7V281|Q7V281_PROMP,EC:7.1.1.2/9.5854
tr|Q7V282|Q7V282_PROMP,EC:7.2.2.5/6.0059
tr|Q7V283|Q7V283_PROMP,EC:3.5.99.2/9.2824
tr|Q7V284|Q7V284_PROMP,EC:2.7.13.3/8.2806
tr|Q7V285|Q7V285_PROMP,EC:7.2.4.3/7.6429
tr|Q7V288|Q7V288_PROMP,EC:2.7.1.2/4.1329
tr|Q7V291|Q7V291_PROMP,EC:3.1.1.32/5.7499
tr|Q7V294|Q7V294_PROMP,EC:3.3.2.10/7.8847
tr|Q7V295|Q7V295_PROMP,EC:2.1.1.86/8.2167,EC:2.4.1.253/9.3623
tr|Q7V296|Q7V296_PROMP,EC:4.2.99.18/8.9986,EC:3.5.1.56/9.2963
tr|Q7V297|Q7V297_PROMP,EC:1.15.1.1/8.1827
tr|Q7V298|Q7V298_PROMP,EC:3.1.1.56/7.7626
tr|Q7V2A1|Q7V2A1_PROMP,EC:1.2.1.3/9.0038
tr|Q7V2A2|Q7V2A2_PROMP,EC:1.7.2.1/7.0974
tr|Q7V2A5|Q7V2A5_PROMP,EC:3.6.4.12/8.5981
tr|Q7V2A6|Q7V2A6_PROMP,EC:2.7.7.15/8.2310
tr|Q7V2A7|Q7V2A7_PROMP,EC:3.6.1.12/8.1868
tr|Q7V2A8|Q7V2A8_PROMP,EC:4.4.1.26/8.3858
tr|Q7V2A9|Q7V2A9_PROMP,EC:1.2.7.7/8.6774
tr|Q7V2B0|Q7V2B0_PROMP,EC:2.1.1.86/8.5758,EC:3.4.24.84/8.6772
tr|Q7V2B3|Q7V2B3_PROMP,EC:3.1.4.4/8.9103
tr|Q7V2B5|Q7V2B5_PROMP,EC:2.5.1.18/6.5219
tr|Q7V2B6|Q7V2B6_PROMP,EC:2.7.7.68/7.5132
tr|Q7V2B7|Q7V2B7_PROMP,EC:2.4.1.335/8.7743,EC:2.4.1.153/8.9867
tr|Q7V2B8|Q7V2B8_PROMP,EC:2.3.1.57/7.3301
tr|Q7V2B9|Q7V2B9_PROMP,EC:7.6.2.2/5.3557
tr|Q7V2C2|Q7V2C2_PROMP,EC:3.5.99.10/5.4770
tr|Q7V2C3|Q7V2C3_PROMP,EC:1.3.7.3/8.3696,EC:3.1.4.14/8.3808
tr|Q7V2C4|Q7V2C4_PROMP,EC:4.2.1.96/8.2249
tr|Q7V2D2|Q7V2D2_PROMP,EC:3.6.1.66/4.3938
tr|Q7V2D4|Q7V2D4_PROMP,EC:3.1.21.4/8.2692
tr|Q7V2D9|Q7V2D9_PROMP,EC:4.1.1.65/8.3798
tr|Q7V2E1|Q7V2E1_PROMP,EC:2.3.1.181/7.3627
tr|Q7V2E2|Q7V2E2_PROMP,EC:2.7.13.3/7.6950
tr|Q7V2E5|Q7V2E5_PROMP,EC:1.1.1.100/7.9850
tr|Q7V2E9|Q7V2E9_PROMP,EC:3.5.1.102/6.9646
tr|Q7V2F0|Q7V2F0_PROMP,EC:5.2.1.8/8.2162
tr|Q7V2F1|Q7V2F1_PROMP,EC:1.3.7.3/5.7255
tr|Q7V2F3|Q7V2F3_PROMP,EC:5.2.1.8/8.7634
tr|Q7V2F6|Q7V2F6_PROMP,EC:3.1.21.4/7.5707
tr|Q7V2F7|Q7V2F7_PROMP,EC:2.5.1.17/5.8702
tr|Q7V2G0|Q7V2G0_PROMP,EC:2.4.1.284/8.2998,EC:2.4.1.283/8.7337,EC:2.4.1.56/8.8209,EC:2.4.1.356/9.8012
tr|Q7V2G2|Q7V2G2_PROMP,EC:3.4.16.4/3.3386
tr|Q7V2G3|Q7V2G3_PROMP,EC:1.3.7.5/8.1648
tr|Q7V2G4|Q7V2G4_PROMP,EC:2.7.13.3/7.4849
tr|Q7V2G5|Q7V2G5_PROMP,EC:3.1.3.3/7.5749
tr|Q7V2G6|Q7V2G6_PROMP,EC:3.5.2.3/7.4739
tr|Q7V2G8|Q7V2G8_PROMP,EC:1.20.4.1/5.1462
tr|Q7V2H2|Q7V2H2_PROMP,EC:2.7.1.73/7.4862,EC:2.7.1.15/7.7718,EC:2.7.1.4/8.2794
tr|Q7V2H3|Q7V2H3_PROMP,EC:2.8.1.12/8.4444
tr|Q7V2H4|Q7V2H4_PROMP,EC:1.3.1.54/6.4391
tr|Q7V2H5|Q7V2H5_PROMP,EC:3.1.1.29/8.5436,EC:2.3.1.263/8.5981
tr|Q7V2H6|Q7V2H6_PROMP,EC:5.4.99.5/6.5537
tr|Q7V2H7|Q7V2H7_PROMP,EC:1.3.7.2/8.0916
tr|Q7V2H8|Q7V2H8_PROMP,EC:1.1.5.2/8.5284
tr|Q7V2I4|Q7V2I4_PROMP,EC:3.1.1.96/8.7689
tr|Q7V2I6|Q7V2I6_PROMP,EC:2.5.1.60/8.1737
tr|Q7V2I7|Q7V2I7_PROMP,EC:2.4.1.32/9.6535
tr|Q7V2I8|Q7V2I8_PROMP,EC:2.4.2.53/8.4820,EC:2.4.1.335/9.1471
tr|Q7V2I9|Q7V2I9_PROMP,EC:4.99.1.12/4.4351
tr|Q7V2J0|Q7V2J0_PROMP,EC:2.3.2.22/8.8205,EC:2.1.1.209/9.2128
tr|Q7V2J1|Q7V2J1_PROMP,EC:3.4.22.70/8.1058
tr|Q7V2J4|Q7V2J4_PROMP,EC:2.7.8.20/9.3259
sp|Q7V2J5|Y481_PROMP,EC:3.1.26.5/9.0419
tr|Q7V2J6|Q7V2J6_PROMP,EC:5.4.99.1/8.6871,EC:2.4.2.49/9.9233,EC:2.1.1.161/10.0940
tr|Q7V2J7|Q7V2J7_PROMP,EC:6.3.3.3/8.3817
tr|Q7V2J8|Q7V2J8_PROMP,EC:1.2.1.n2/7.6941,EC:5.1.3.34/7.7253,EC:1.3.1.75/9.0539,EC:1.1.1.294/9.0814,EC:1.14.13.168/9.0840
tr|Q7V2K0|Q7V2K0_PROMP,EC:7.2.2.9/9.2471
tr|Q7V2K2|Q7V2K2_PROMP,EC:3.1.26.5/7.8649
tr|Q7V2K4|Q7V2K4_PROMP,EC:5.2.1.8/8.9620
tr|Q7V2K5|Q7V2K5_PROMP,EC:2.1.1.86/7.5115,EC:1.5.1.6/9.0794
tr|Q7V2L0|Q7V2L0_PROMP,EC:5.6.2.1/7.3246,EC:3.2.2.31/8.6380
tr|Q7V2L1|Q7V2L1_PROMP,EC:2.1.1.86/7.9269
tr|Q7V2L3|Q7V2L3_PROMP,EC:1.3.7.3/7.4993,EC:2.4.1.269/8.7098
tr|Q7V2L7|Q7V2L7_PROMP,EC:2.7.13.3/5.6572
tr|Q7V2L8|Q7V2L8_PROMP,EC:3.6.1.40/6.2818
tr|Q7V2M0|Q7V2M0_PROMP,EC:3.4.17.13/5.0408
tr|Q7V2M4|Q7V2M4_PROMP,EC:2.5.1.83/8.2491
tr|Q7V2M5|Q7V2M5_PROMP,EC:2.4.1.129/7.7454
tr|Q7V2M6|Q7V2M6_PROMP,EC:2.7.13.3/7.9139,EC:7.2.2.4/8.2982
tr|Q7V2M8|Q7V2M8_PROMP,EC:1.17.99.9/6.7197,EC:2.1.1.210/8.5426,EC:2.1.1.334/8.9647
tr|Q7V2N2|Q7V2N2_PROMP,EC:3.1.26.5/8.9260
tr|Q7V2N3|Q7V2N3_PROMP,EC:1.1.1.65/8.3301,EC:1.1.1.107/8.9017
tr|Q7V2N4|Q7V2N4_PROMP,EC:3.5.2.6/8.5780
tr|Q7V2N5|Q7V2N5_PROMP,EC:3.1.21.4/10.0705
tr|Q7V2N6|Q7V2N6_PROMP,EC:2.7.11.1/7.4992
tr|Q7V2N9|Q7V2N9_PROMP,EC:7.6.2.10/9.0132
tr|Q7V2P0|Q7V2P0_PROMP,EC:3.1.26.5/8.9051
tr|Q7V2P3|Q7V2P3_PROMP,EC:2.5.1.151/7.9671,EC:1.16.1.6/7.9671
tr|Q7V2P4|Q7V2P4_PROMP,EC:2.5.1.62/7.7306
tr|Q7V2P7|Q7V2P7_PROMP,EC:4.1.99.13/5.5783
tr|Q7V2P8|Q7V2P8_PROMP,EC:2.7.7.6/6.9419
tr|Q7V2P9|Q7V2P9_PROMP,EC:1.20.4.1/9.2046
tr|Q7V2Q0|Q7V2Q0_PROMP,EC:2.7.13.3/8.9975
tr|Q7V2Q3|Q7V2Q3_PROMP,EC:3.1.11.6/9.0153
tr|Q7V2Q4|Q7V2Q4_PROMP,EC:5.3.99.2/9.2573
tr|Q7V2Q6|Q7V2Q6_PROMP,EC:5.1.1.17/8.9596
tr|Q7V2Q7|Q7V2Q7_PROMP,EC:1.1.1.100/8.3257,EC:1.1.1.398/8.8104,EC:1.1.1.320/8.8198
tr|Q7V2Q9|Q7V2Q9_PROMP,EC:2.5.1.18/7.6838
sp|Q7V2R0|YIDD_PROMP,EC:3.4.23.43/8.8085
tr|Q7V2R5|Q7V2R5_PROMP,EC:1.3.7.2/8.5777,EC:2.4.1.384/8.7213,EC:2.5.1.151/8.8643,EC:1.16.1.6/8.8643
tr|Q7V2R6|Q7V2R6_PROMP,EC:2.3.1.12/8.7546
tr|Q7V2R7|Q7V2R7_PROMP,EC:6.2.1.3/6.6698,EC:6.2.1.20/7.0431,EC:2.3.1.40/7.4045
tr|Q7V2S3|Q7V2S3_PROMP,EC:4.1.1.23/7.7328
tr|Q7V2S4|Q7V2S4_PROMP,EC:5.5.1.12/8.0207,EC:5.5.1.13/8.4137
tr|Q7V2S5|Q7V2S5_PROMP,EC:2.4.1.180/9.3342
tr|Q7V2S7|Q7V2S7_PROMP,EC:2.5.1.151/7.3419,EC:1.16.1.6/7.3419
tr|Q7V2S8|Q7V2S8_PROMP,EC:1.14.99.69/5.2231
tr|Q7V2T0|Q7V2T0_PROMP,EC:2.1.1.72/8.0771,EC:7.4.2.6/8.2773
tr|Q7V2T1|Q7V2T1_PROMP,EC:3.1.21.3/6.0631
tr|Q7V2T2|Q7V2T2_PROMP,EC:3.5.1.28/9.0182
tr|Q7V2T3|Q7V2T3_PROMP,EC:1.4.3.2/7.8713
tr|Q7V2T4|Q7V2T4_PROMP,EC:2.4.1.384/10.5195
tr|Q7V2T5|Q7V2T5_PROMP,EC:5.3.1.32/9.4915,EC:5.3.3.4/9.4976,EC:4.2.1.154/10.6479
tr|Q7V2T6|Q7V2T6_PROMP,EC:5.3.1.14/9.7813
tr|Q7V2T7|Q7V2T7_PROMP,EC:5.1.3.32/7.7401
tr|Q7V2T8|Q7V2T8_PROMP,EC:5.2.1.8/7.7261
tr|Q7V2U1|Q7V2U1_PROMP,EC:7.6.2.7/5.6459,EC:7.3.2.4/7.0252
tr|Q7V2U2|Q7V2U2_PROMP,EC:2.3.1.269/10.1723
tr|Q7V2U3|Q7V2U3_PROMP,EC:1.7.7.2/10.0524
tr|Q7V2U4|Q7V2U4_PROMP,EC:2.3.1.71/9.4941,EC:1.17.7.2/9.5773,EC:5.3.3.4/9.6491,EC:2.3.1.13/9.9025
tr|Q7V2U5|Q7V2U5_PROMP,EC:1.13.11.50/9.4796
tr|Q7V2U6|Q7V2U6_PROMP,EC:1.15.1.1/8.7292
tr|Q7V2U7|Q7V2U7_PROMP,EC:1.14.19.19/10.6258
tr|Q7V2U8|Q7V2U8_PROMP,EC:3.1.21.4/8.8290
tr|Q7V2U9|Q7V2U9_PROMP,EC:2.1.1.86/7.3546
tr|Q7V2V0|Q7V2V0_PROMP,EC:1.13.11.19/9.2399
tr|Q7V2V1|Q7V2V1_PROMP,EC:1.4.3.2/6.7474,EC:4.2.3.38/7.2038
tr|Q7V2V2|Q7V2V2_PROMP,EC:2.7.1.49/4.1938
tr|Q7V2V3|Q7V2V3_PROMP,EC:3.5.99.2/4.3490,EC:3.1.3.100/9.3071
tr|Q7V2V4|Q7V2V4_PROMP,EC:1.14.13.24/10.0669
tr|Q7V2V5|Q7V2V5_PROMP,EC:2.4.1.308/5.4569,EC:2.5.1.98/9.4547
tr|Q7V2V6|Q7V2V6_PROMP,EC:2.3.1.269/9.0675,EC:2.4.1.237/9.5101
tr|Q7V2V7|Q7V2V7_PROMP,EC:1.3.7.3/7.2701
tr|Q7V2V8|Q7V2V8_PROMP,EC:3.1.1.29/8.2890
tr|Q7V2V9|Q7V2V9_PROMP,EC:2.1.1.86/8.1389,EC:1.14.15.21/9.3914
tr|Q7V2W0|Q7V2W0_PROMP,EC:1.4.3.2/7.6327,EC:4.2.3.38/7.9174
tr|Q7V2W1|Q7V2W1_PROMP,EC:1.11.1.24/4.3020
tr|Q7V2W3|Q7V2W3_PROMP,EC:1.2.5.2/7.3836
tr|Q7V2W4|Q7V2W4_PROMP,EC:2.3.1.23/8.5016
tr|Q7V2W5|Q7V2W5_PROMP,EC:5.2.1.13/8.9585
tr|Q7V2W6|Q7V2W6_PROMP,EC:4.2.1.2/7.2238
tr|Q7V2W7|Q7V2W7_PROMP,EC:2.1.1.113/8.2614
tr|Q7V2W8|Q7V2W8_PROMP,EC:1.10.3.11/8.0652
tr|Q7V2W9|Q7V2W9_PROMP,EC:2.5.1.151/8.5462,EC:1.16.1.6/8.5462
tr|Q7V2X0|Q7V2X0_PROMP,EC:2.3.1.183/9.1912
tr|Q7V2X1|Q7V2X1_PROMP,EC:1.2.1.5/5.8487,EC:1.2.1.7/5.9540
tr|Q7V2X2|Q7V2X2_PROMP,EC:3.1.11.6/7.7895
tr|Q7V2X7|Q7V2X7_PROMP,EC:3.1.5.1/7.3758
tr|Q7V2Y1|Q7V2Y1_PROMP,EC:2.7.7.87/6.1257
tr|Q7V2Y3|Q7V2Y3_PROMP,EC:5.1.1.17/8.8042
tr|Q7V2Y7|Q7V2Y7_PROMP,EC:3.1.13.1/8.2905
tr|Q7V2Y9|Q7V2Y9_PROMP,EC:2.7.1.47/6.0773,EC:2.7.1.51/9.1747
tr|Q7V2Z0|Q7V2Z0_PROMP,EC:2.7.13.3/8.5914
tr|Q7V2Z1|Q7V2Z1_PROMP,EC:7.2.4.3/8.3036
tr|Q7V2Z5|Q7V2Z5_PROMP,EC:2.7.7.9/8.0499
tr|Q7V302|Q7V302_PROMP,EC:2.1.1.86/8.5030,EC:7.1.1.6/8.7453
tr|Q7V306|Q7V306_PROMP,EC:7.6.2.11/8.9931
tr|Q7V307|Q7V307_PROMP,EC:2.7.13.3/7.9001
tr|Q7V309|Q7V309_PROMP,EC:3.6.1.13/5.0458,EC:3.6.1.58/5.6188,EC:2.7.7.96/6.1242
tr|Q7V311|Q7V311_PROMP,EC:2.6.1.98/6.4945,EC:2.6.1.90/6.5499,EC:2.6.1.106/7.0112,EC:2.6.1.92/7.6412,EC:2.6.1.104/7.8295,EC:2.6.1.110/9.0721
tr|Q7V312|Q7V312_PROMP,EC:1.11.1.24/8.5317
tr|Q7V315|Q7V315_PROMP,EC:1.13.11.51/7.7112,EC:1.13.11.84/8.0120
tr|Q7V317|Q7V317_PROMP,EC:5.4.2.8/5.4335
tr|Q7V318|Q7V318_PROMP,EC:3.1.12.1/10.0335
tr|Q7V319|Q7V319_PROMP,EC:2.1.2.10/9.0622,EC:6.2.1.35/9.0851
tr|Q7V321|Q7V321_PROMP,EC:2.7.13.3/9.4549
tr|Q7V322|Q7V322_PROMP,EC:1.1.1.374/6.8353
tr|Q7V325|Q7V325_PROMP,EC:2.7.13.3/5.0355
tr|Q7V326|Q7V326_PROMP,EC:3.2.2.17/6.6330,EC:1.14.13.244/7.8951,EC:3.3.1.2/8.4615,EC:4.7.1.1/8.4642
tr|Q7V327|Q7V327_PROMP,EC:2.7.7.43/9.0427
tr|Q7V328|Q7V328_PROMP,EC:1.8.5.2/7.5207
sp|Q7V331|SFSA_PROMP,EC:3.1.1.96/9.3422
tr|Q7V332|Q7V332_PROMP,EC:2.7.13.3/8.8592
tr|Q7V333|Q7V333_PROMP,EC:1.3.7.5/7.9150,EC:1.3.7.12/8.3534
tr|Q7V334|Q7V334_PROMP,EC:1.13.11.61/8.0116,EC:3.1.1.45/8.6759
tr|Q7V338|Q7V338_PROMP,EC:3.1.1.32/7.9084
tr|Q7V343|Q7V343_PROMP,EC:2.4.1.198/8.4276
tr|Q7V344|Q7V344_PROMP,EC:3.1.21.10/6.9766,EC:2.7.1.161/8.3383
tr|Q7V345|Q7V345_PROMP,EC:2.1.1.86/7.5714
tr|Q7V346|Q7V346_PROMP,EC:2.5.1.17/7.5948
tr|Q7V347|Q7V347_PROMP,EC:2.1.1.148/5.2984
tr|Q7V348|Q7V348_PROMP,EC:1.8.5.2/7.8100
tr|Q7V351|Q7V351_PROMP,EC:1.14.14.58/9.1249,EC:1.8.5.2/9.1380
tr|Q7V353|Q7V353_PROMP,EC:2.6.1.45/8.1546
tr|Q7V356|Q7V356_PROMP,EC:2.7.13.3/8.5038,EC:2.7.1.108/8.9921
tr|Q7V357|Q7V357_PROMP,EC:1.12.1.2/8.1439
tr|Q7V358|Q7V358_PROMP,EC:5.5.1.12/8.3707
tr|Q7V363|Q7V363_PROMP,EC:4.1.2.14/7.9661
tr|Q7V366|Q7V366_PROMP,EC:2.5.1.18/5.1599
tr|Q7V367|Q7V367_PROMP,EC:2.7.7.6/7.8823,EC:3.5.4.35/8.1970,EC:3.3.1.2/8.4714,EC:1.14.13.244/8.5595,EC:1.2.5.2/8.6195
tr|Q7V371|Q7V371_PROMP,EC:3.4.21.107/8.7915
tr|Q7V372|Q7V372_PROMP,EC:7.2.1.1/8.8295
tr|Q7V373|Q7V373_PROMP,EC:2.2.1.12/7.7443
tr|Q7V374|Q7V374_PROMP,EC:1.8.1.9/4.2977
tr|Q7V375|Q7V375_PROMP,EC:5.4.99.5/8.5905
tr|Q7V376|Q7V376_PROMP,EC:2.7.13.3/6.8912
tr|Q7V389|Q7V389_PROMP,EC:5.2.1.8/8.3503
tr|Q7V393|Q7V393_PROMP,EC:7.2.2.11/7.5580
tr|Q7V394|Q7V394_PROMP,EC:1.2.99.10/9.9193
tr|Q7V398|Q7V398_PROMP,EC:3.2.1.15/7.8556
tr|Q7V399|Q7V399_PROMP,EC:4.1.3.27/3.2697
tr|Q7V3A2|Q7V3A2_PROMP,EC:2.1.1.86/7.0216
tr|Q7V3A4|Q7V3A4_PROMP,EC:2.5.1.18/7.4654
tr|Q7V3A7|Q7V3A7_PROMP,EC:4.2.1.113/6.5958
tr|Q7V3A8|Q7V3A8_PROMP,EC:6.2.1.26/8.5113
tr|Q7V3B2|Q7V3B2_PROMP,EC:2.8.1.7/5.7072
tr|Q7V3B3|Q7V3B3_PROMP,EC:2.7.13.3/6.8728
tr|Q7V3B4|Q7V3B4_PROMP,EC:2.1.1.11/5.1213,EC:2.4.1.335/9.6906,EC:2.1.1.294/10.0199,EC:2.7.1.181/10.0199
tr|Q7V3B7|Q7V3B7_PROMP,EC:3.1.21.4/8.7056
tr|Q7V3B8|Q7V3B8_PROMP,EC:2.8.1.1/6.0773,EC:1.20.4.1/6.6509
tr|Q7V3B9|Q7V3B9_PROMP,EC:3.2.2.22/8.1932
tr|Q7V3C3|Q7V3C3_PROMP,EC:3.6.1.25/4.4205,EC:3.6.1.28/9.4537
tr|Q7V3C4|Q7V3C4_PROMP,EC:2.7.10.1/8.6422
tr|Q7V3C5|Q7V3C5_PROMP,EC:1.5.1.20/8.1158
tr|Q7V3C7|Q7V3C7_PROMP,EC:2.7.7.6/7.9790
tr|Q7V3C9|Q7V3C9_PROMP,EC:2.1.1.100/8.2045
tr|Q7V3D0|Q7V3D0_PROMP,EC:3.2.2.22/7.9605
tr|Q7V3D3|Q7V3D3_PROMP,EC:2.5.1.32/5.3247
tr|Q7V3D4|Q7V3D4_PROMP,EC:2.7.7.101/9.1807
tr|Q7V3D5|Q7V3D5_PROMP,EC:2.7.7.72/6.2100
tr|Q7V3D6|Q7V3D6_PROMP,EC:1.8.7.2/8.0225,EC:4.1.1.83/8.3973
tr|Q7V3D7|Q7V3D7_PROMP,EC:2.1.1.170/8.9934
tr|Q7V3D8|Q7V3D8_PROMP,EC:2.3.1.n4/4.0119
tr|Q7V3E2|Q7V3E2_PROMP,EC:2.7.13.3/7.4734
tr|Q7V3E5|Q7V3E5_PROMP,EC:7.2.2.9/4.0905
tr|Q7V3E7|Q7V3E7_PROMP,EC:3.6.4.12/5.1824
tr|Q7V3E8|Q7V3E8_PROMP,EC:2.7.13.3/7.0687
tr|Q7V3E9|Q7V3E9_PROMP,EC:4.2.2.7/7.3302,EC:3.2.1.178/9.0552
tr|Q7V3F0|Q7V3F0_PROMP,EC:7.2.2.5/7.1869
sp|Q7V3F1|Y124_PROMP,EC:2.7.7.6/7.3852
tr|Q7V3F3|Q7V3F3_PROMP,EC:2.7.13.3/7.0055
tr|Q7V3F5|Q7V3F5_PROMP,EC:2.4.1.111/9.5786
tr|Q7V3F6|Q7V3F6_PROMP,EC:1.1.5.2/8.5027
tr|Q7V3F7|Q7V3F7_PROMP,EC:2.4.1.182/8.9770
tr|Q7V3F8|Q7V3F8_PROMP,EC:4.2.3.47/7.8233
tr|Q7V3F9|Q7V3F9_PROMP,EC:2.1.3.1/9.4795
tr|Q7V3G1|Q7V3G1_PROMP,EC:3.3.2.10/7.2166
tr|Q7V3G4|Q7V3G4_PROMP,EC:2.1.1.86/7.6854
tr|Q7V3G5|Q7V3G5_PROMP,EC:2.5.1.18/5.8513
tr|Q7V3G6|Q7V3G6_PROMP,EC:1.3.7.2/8.1798,EC:2.1.1.306/8.7676
tr|Q7V3G7|Q7V3G7_PROMP,EC:1.3.7.3/7.4600,EC:6.4.1.8/8.3805
tr|Q7V3H0|Q7V3H0_PROMP,EC:1.1.1.302/5.1527
tr|Q7V3H1|Q7V3H1_PROMP,EC:2.3.2.29/8.4863
tr|Q7V3H2|Q7V3H2_PROMP,EC:1.3.7.5/6.8916
tr|Q7V3H4|Q7V3H4_PROMP,EC:1.17.4.4/8.7637
tr|Q7V3H6|Q7V3H6_PROMP,EC:2.1.1.86/9.0102,EC:2.7.7.67/9.1827
tr|Q7V3H7|Q7V3H7_PROMP,EC:2.8.4.4/7.9348,EC:4.1.3.44/8.3192
tr|Q7V3H8|Q7V3H8_PROMP,EC:2.7.13.3/7.2093
tr|Q7V3H9|Q7V3H9_PROMP,EC:3.1.3.25/4.9024
tr|Q7V3I0|Q7V3I0_PROMP,EC:2.7.13.3/8.1646
tr|Q7V3I1|Q7V3I1_PROMP,EC:2.1.1.86/9.1753
tr|Q7V3I2|Q7V3I2_PROMP,EC:3.1.1.4/7.5377
tr|Q7V3I3|Q7V3I3_PROMP,EC:1.12.2.1/7.9063
tr|Q7V3I4|Q7V3I4_PROMP,EC:2.3.2.27/8.1514
tr|Q7V3I5|Q7V3I5_PROMP,EC:3.4.21.107/4.1768
tr|Q7V3I6|Q7V3I6_PROMP,EC:3.6.4.13/8.8420
tr|Q7V3I7|Q7V3I7_PROMP,EC:4.1.1.44/7.9153
tr|Q7V3I8|Q7V3I8_PROMP,EC:1.18.6.1/7.5707
tr|Q7V3I9|Q7V3I9_PROMP,EC:4.2.1.2/7.5179
tr|Q7V3J0|Q7V3J0_PROMP,EC:2.7.1.191/8.3083
tr|Q7V3J1|Q7V3J1_PROMP,EC:2.7.11.12/9.4191
tr|Q7V3J2|Q7V3J2_PROMP,EC:3.6.1.27/7.4927
tr|Q7V3J3|Q7V3J3_PROMP,EC:1.6.5.9/5.5289,EC:1.6.5.12/5.5386
tr|Q7V3J6|Q7V3J6_PROMP,EC:1.11.1.24/5.3239
tr|Q7V3J7|Q7V3J7_PROMP,EC:2.7.8.7/7.4409
tr|Q7V3J9|Q7V3J9_PROMP,EC:5.4.2.2/3.1027
tr|Q7V3K0|Q7V3K0_PROMP,EC:3.2.2.22/7.4886
tr|Q7V3K1|Q7V3K1_PROMP,EC:1.3.7.5/5.6552,EC:1.3.7.3/7.3354
tr|Q7V3K2|Q7V3K2_PROMP,EC:1.17.5.2/9.9512
tr|Q7V3K3|Q7V3K3_PROMP,EC:7.3.2.1/8.1305,EC:7.5.2.13/8.4330
tr|Q7V3K4|Q7V3K4_PROMP,EC:2.7.7.85/8.8125
tr|Q7V3K6|Q7V3K6_PROMP,EC:3.1.1.1/8.3409,EC:3.4.19.1/8.5786,EC:2.4.1.70/8.8793
tr|Q7V3K8|Q7V3K8_PROMP,EC:3.6.2.1/5.2488,EC:2.7.7.51/6.3788
tr|Q7V3K9|Q7V3K9_PROMP,EC:3.4.17.6/8.4976
tr|Q7V3L0|Q7V3L0_PROMP,EC:7.4.2.5/7.2217
tr|Q7V3L1|Q7V3L1_PROMP,EC:1.2.1.3/8.2457
tr|Q7V3L2|Q7V3L2_PROMP,EC:2.1.3.1/8.0509
tr|Q7V3L4|Q7V3L4_PROMP,EC:2.3.1.284/7.8382,EC:1.1.5.2/8.5891
tr|Q7V3L6|Q7V3L6_PROMP,EC:2.4.1.182/9.0541
tr|Q7V3L7|Q7V3L7_PROMP,EC:3.1.1.59/7.8041
tr|Q7V3L9|Q7V3L9_PROMP,EC:1.3.7.3/8.3758
tr|Q7V3M0|Q7V3M0_PROMP,EC:2.7.13.3/8.5965
tr|Q7V3M1|Q7V3M1_PROMP,EC:4.2.3.56/8.8869,EC:2.1.1.288/9.0107
tr|Q7V3M2|Q7V3M2_PROMP,EC:2.1.1.256/5.7427
tr|Q7V3M3|Q7V3M3_PROMP,EC:1.1.1.65/6.7009
tr|Q7V3M4|Q7V3M4_PROMP,EC:1.14.12.15/9.6290
tr|Q7V3N1|Q7V3N1_PROMP,EC:1.5.1.36/8.1098
tr|Q7V3N2|Q7V3N2_PROMP,EC:4.99.1.10/7.9328
tr|Q7V3N3|Q7V3N3_PROMP,EC:1.7.1.6/7.9554,EC:1.5.1.39/8.0186
tr|Q7V3N4|Q7V3N4_PROMP,EC:3.4.16.4/5.0263
tr|Q7V3N5|Q7V3N5_PROMP,EC:1.3.7.15/8.8841,EC:1.13.11.73/9.0053
tr|Q7V3N6|Q7V3N6_PROMP,EC:3.1.11.1/8.9208,EC:3.1.12.1/9.0264
tr|Q7V3N9|Q7V3N9_PROMP,EC:2.6.1.51/6.3385
tr|Q7V3P0|Q7V3P0_PROMP,EC:1.4.3.2/8.0885
tr|Q7V3P1|Q7V3P1_PROMP,EC:1.14.19.47/11.0301
tr|Q7V3P2|Q7V3P2_PROMP,EC:3.1.21.4/8.1263
tr|Q7V3P3|Q7V3P3_PROMP,EC:5.1.3.13/7.6875,EC:1.1.1.133/8.5009
tr|Q7V3P4|Q7V3P4_PROMP,EC:1.1.1.262/4.3859
tr|Q7V3P6|Q7V3P6_PROMP,EC:5.2.1.8/7.2752
tr|Q7V3Q2|Q7V3Q2_PROMP,EC:7.6.2.11/8.9353
tr|Q7V3Q5|Q7V3Q5_PROMP,EC:1.8.4.12/3.6049,EC:1.8.4.14/4.9037
tr|Q7V3Q7|Q7V3Q7_PROMP,EC:3.6.4.13/9.1643
tr|Q7V3Q8|Q7V3Q8_PROMP,EC:3.1.3.3/6.4554
tr|Q7V3R0|Q7V3R0_PROMP,EC:2.5.1.17/8.6199
tr|Q7V3R1|Q7V3R1_PROMP,EC:1.1.5.2/8.6942
tr|Q7V3R2|Q7V3R2_PROMP,EC:1.17.99.6/4.1148
tr|Q7V3R3|Q7V3R3_PROMP,EC:5.2.1.8/7.6222
tr|Q7V3R6|Q7V3R6_PROMP,EC:3.2.2.n1/8.2983
