tr|Q7TU21|Q7TU21_PROMP,EC:1.2.1.11/0.9935
sp|Q7UZH7|PYRG_PROMP,EC:6.3.4.2/0.9976
sp|Q7UZR6|PANCY_PROMP,EC:2.7.4.25/0.2534
sp|Q7V010|RLMN_PROMP,EC:2.1.1.192/0.9917
sp|Q7V0C4|KAIC_PROMP,EC:2.7.11.1/0.0451
sp|Q7V0G1|MURA_PROMP,EC:2.5.1.7/0.9925
tr|Q7V0G8|Q7V0G8_PROMP,EC:4.2.1.136/0.9947
tr|Q7V0H7|Q7V0H7_PROMP,EC:2.1.1.228/0.0157
sp|Q7V111|KPRS_PROMP,EC:2.7.6.1/0.9984
tr|Q7V1H8|Q7V1H8_PROMP,EC:3.5.4.25/0.9268
tr|Q7V1L1|Q7V1L1_PROMP,EC:3.6.4.12/0.1468
sp|Q7V274|GLMU_PROMP,EC:2.3.1.157/0.9914,EC:2.7.7.23/0.9912
sp|Q7V2D0|RBL_PROMP,EC:4.1.1.39/0.9924
sp|Q7V2Q8|MURE_PROMP,EC:6.3.2.13/0.9932
sp|Q7V316|IXTPA_PROMP,EC:3.6.1.66/0.9973
tr|Q7V359|Q7V359_PROMP,EC:6.3.2.5/0.9855,EC:4.1.1.36/0.9742
tr|Q7V362|Q7V362_PROMP,EC:3.6.4.10/0.0081
sp|Q7V365|PSBA_PROMP,EC:1.10.3.9/0.9984
sp|O07295|PCBA_PROMP,EC:1.97.1.12/0.0360
sp|Q7TTQ1|MNMA_PROMP,EC:2.8.1.13/0.9909
tr|Q7TU15|Q7TU15_PROMP,EC:4.2.3.1/0.9777
tr|Q7TU17|Q7TU17_PROMP,EC:2.7.4.1/0.9977
sp|Q7TU25|MIAA_PROMP,EC:2.5.1.75/0.9673
sp|Q7TU31|TRUA_PROMP,EC:5.4.99.12/0.9971
tr|Q7TU32|Q7TU32_PROMP,EC:5.1.1.1/0.9349
tr|Q7TU39|Q7TU39_PROMP,EC:6.3.3.3/0.9776
tr|Q7TU40|Q7TU40_PROMP,EC:4.3.2.2/0.9974
sp|Q7TU44|CH602_PROMP,EC:5.6.1.7/0.9985
sp|Q7TU60|PANB_PROMP,EC:2.1.2.11/0.9835
tr|Q7TU66|Q7TU66_PROMP,EC:1.1.1.193/0.9925,EC:3.5.4.26/0.9844
sp|Q7TU75|TRMFO_PROMP,EC:2.1.1.74/0.9549
sp|Q7TU81|FOLD_PROMP,EC:3.5.4.9/0.9974,EC:1.5.1.5/0.9973
tr|Q7TU97|Q7TU97_PROMP,EC:2.6.1.42/0.9166
tr|Q7TUC2|Q7TUC2_PROMP,EC:4.4.1.5/0.7573
tr|Q7TUC4|Q7TUC4_PROMP,EC:5.1.1.3/0.9954
tr|Q7TUC5|Q7TUC5_PROMP,EC:6.3.2.10/0.9900
sp|Q7TUC7|HIS2_PROMP,EC:3.5.4.19/0.9473,EC:3.6.1.31/0.9135
sp|Q7TUD1|ARGB_PROMP,EC:2.7.2.8/0.9984
sp|Q7TUF8|NU3C_PROMP,EC:1.12.98.3/0.0926,EC:7.1.1.2/0.0491
tr|Q7TUF9|Q7TUF9_PROMP,EC:6.6.1.1/0.9871
sp|Q7TUG0|TGT_PROMP,EC:2.4.2.29/0.9903
sp|Q7TUG1|PUR9_PROMP,EC:3.5.4.10/0.9970,EC:2.1.2.3/0.9970
sp|Q7TUG9|GSHB_PROMP,EC:6.3.2.3/0.9270
sp|Q7TUH1|NDHI_PROMP,EC:1.12.98.3/0.0016
tr|Q7TUH3|Q7TUH3_PROMP,EC:1.12.98.3/0.1675
tr|Q7TUI2|Q7TUI2_PROMP,EC:2.4.2.14/0.9970
tr|Q7UZF5|Q7UZF5_PROMP,EC:2.7.7.4/0.0000
sp|Q7UZF8|MRAY_PROMP,EC:2.7.8.13/0.9895
sp|Q7UZG2|AROE_PROMP,EC:1.1.1.25/0.9956
tr|Q7UZG7|Q7UZG7_PROMP,EC:4.2.1.3/0.7345,EC:4.2.1.99/0.5412
sp|Q7UZH5|QUEC_PROMP,EC:6.3.4.20/0.9888
tr|Q7UZH6|Q7UZH6_PROMP,EC:4.3.99.3/0.9908
sp|Q7UZH8|SYDND_PROMP,EC:6.1.1.23/0.9981,EC:6.1.1.12/0.9973
sp|Q7UZI0|SPEE_PROMP,EC:2.5.1.16/0.9959
sp|Q7UZI3|SYV_PROMP,EC:6.1.1.9/0.9972
sp|Q7UZJ9|THIG_PROMP,EC:2.8.1.10/0.9970
tr|Q7UZK5|Q7UZK5_PROMP,EC:3.6.4.12/0.0726
sp|Q7UZK8|TIG_PROMP,EC:5.2.1.8/0.9947
sp|Q7UZK9|DAPA_PROMP,EC:4.3.3.7/0.9961
tr|Q7UZL0|Q7UZL0_PROMP,EC:1.5.99.14/0.0010,EC:3.1.26.11/0.0009
sp|Q7UZL3|UVRB_PROMP,EC:3.6.4.12/0.0001
sp|Q7UZM1|SECA_PROMP,EC:7.4.2.4/0.9886,EC:7.4.2.8/0.9655
tr|Q7UZM4|Q7UZM4_PROMP,EC:5.6.2.2/0.9947
sp|Q7UZP0|SYK_PROMP,EC:6.1.1.6/0.9963
sp|Q7UZP3|RUVB_PROMP,EC:3.6.4.12/0.9942
sp|Q7UZP7|THIC_PROMP,EC:4.1.99.17/0.9943
sp|Q7UZQ1|PSAC_PROMP,EC:1.97.1.12/0.9777
tr|Q7UZQ2|Q7UZQ2_PROMP,EC:2.6.1.16/0.9973
tr|Q7UZQ5|Q7UZQ5_PROMP,EC:3.1.26.3/0.9557
sp|Q7UZS3|HEM6_PROMP,EC:1.3.3.3/0.9618
tr|Q7UZS5|Q7UZS5_PROMP,EC:2.4.1.129/0.1519
tr|Q7UZT3|Q7UZT3_PROMP,EC:4.1.1.50/0.9883
sp|Q7UZU3|RECA_PROMP,EC:3.6.4.12/0.0016
sp|Q7UZV2|RS3_PROMP,EC:3.1.26.5/0.0001
sp|Q7UZW0|RS5_PROMP,EC:2.7.7.6/0.0008
sp|Q7UZW3|KAD_PROMP,EC:2.7.4.3/0.9381
sp|Q7UZW4|RS13_PROMP,EC:3.1.21.10/0.0002
sp|Q7UZW6|RPOA_PROMP,EC:2.7.7.6/0.8691
sp|Q7UZY1|LIPA1_PROMP,EC:2.8.1.8/0.9458
sp|Q7UZY4|RS12_PROMP,EC:3.1.26.5/0.0009,EC:3.1.21.10/0.0008
sp|Q7UZZ2|RNH2_PROMP,EC:3.1.26.4/0.9882
sp|Q7UZZ3|DAPAT_PROMP,EC:2.6.1.83/0.9986
sp|Q7V003|RPIA_PROMP,EC:5.3.1.6/0.9968
sp|Q7V004|HISX_PROMP,EC:1.1.1.23/0.9128
sp|Q7V006|RPOB_PROMP,EC:2.7.7.6/0.4530
sp|Q7V007|RPOC1_PROMP,EC:2.7.7.6/0.3558
sp|Q7V008|RPOC2_PROMP,EC:2.7.7.6/0.0245
tr|Q7V019|Q7V019_PROMP,EC:2.6.1.62/0.9696
sp|Q7V024|FUMC_PROMP,EC:4.2.1.2/0.9942
sp|Q7V027|QUEF_PROMP,EC:1.7.1.13/0.9768
sp|Q7V033|ATPL_PROMP,EC:7.1.1.8/0.0001
sp|Q7V037|ATPA_PROMP,EC:7.1.2.2/0.9985,EC:7.2.2.1/0.9974
tr|Q7V042|Q7V042_PROMP,EC:6.3.5.1/0.9680
sp|Q7V049|ATPB_PROMP,EC:7.1.2.2/0.9985
sp|Q7V051|GPMI_PROMP,EC:5.4.2.12/0.9969
sp|Q7V0A5|MURD_PROMP,EC:6.3.2.9/0.9754
sp|Q7V0B9|RNZ_PROMP,EC:3.1.26.11/0.9973
tr|Q7V0C9|Q7V0C9_PROMP,EC:3.5.1.108/0.9225
sp|Q7V0D0|FABZ_PROMP,EC:4.2.1.59/0.9970
sp|Q7V0D4|AMPA_PROMP,EC:3.4.11.1/0.9790,EC:3.4.11.10/0.9729
sp|Q7V0D7|SYY_PROMP,EC:6.1.1.1/0.9708
sp|Q7V0D8|PYRF_PROMP,EC:4.1.1.23/0.9883
sp|Q7V0D9|PLSY_PROMP,EC:2.3.1.275/0.9976
sp|Q7V0F0|ILVC_PROMP,EC:1.1.1.86/0.9934
tr|Q7V0F2|Q7V0F2_PROMP,EC:3.4.21.92/0.3707
sp|Q7V0F6|DDL_PROMP,EC:6.3.2.4/0.9957
sp|Q7V0F7|MIAB_PROMP,EC:2.8.4.3/0.9830
sp|Q7V0G0|ARGD_PROMP,EC:2.6.1.11/0.9558
sp|Q7V0G7|LNT_PROMP,EC:2.3.1.269/0.9398
tr|Q7V0H2|Q7V0H2_PROMP,EC:3.6.4.12/0.0004
sp|Q7V0I3|THIE_PROMP,EC:2.5.1.3/0.4767
tr|Q7V0I4|Q7V0I4_PROMP,EC:2.7.1.26/0.9482,EC:2.7.7.2/0.8903
sp|Q7V0I7|SYFA_PROMP,EC:6.1.1.20/0.9961
sp|Q7V0I8|NADK2_PROMP,EC:2.7.1.23/0.9928
tr|Q7V0J2|Q7V0J2_PROMP,EC:3.6.4.10/0.0199
tr|Q7V0J4|Q7V0J4_PROMP,EC:3.4.21.88/0.9171
tr|Q7V0P9|Q7V0P9_PROMP,EC:1.1.1.356/0.7105,EC:1.1.1.271/0.5633
sp|Q7V0R5|PNP_PROMP,EC:2.7.7.8/0.9978
sp|Q7V0R7|SYS_PROMP,EC:6.1.1.11/0.9938
tr|Q7V0U8|Q7V0U8_PROMP,EC:2.2.1.6/0.9933
sp|Q7V0W0|DXR_PROMP,EC:1.1.1.267/0.9621
sp|Q7V0W1|SYC_PROMP,EC:6.1.1.16/0.9961
tr|Q7V0W8|Q7V0W8_PROMP,EC:2.7.7.n1/0.9616
sp|Q7V0Y7|PDXJ_PROMP,EC:2.6.99.2/0.9969
sp|Q7V0Z8|LIPA2_PROMP,EC:2.8.1.8/0.9719
sp|Q7V101|BIOB_PROMP,EC:2.8.1.6/0.9911
tr|Q7V103|Q7V103_PROMP,EC:2.7.7.85/0.3715
tr|Q7V104|Q7V104_PROMP,EC:4.1.1.20/0.9835
tr|Q7V116|Q7V116_PROMP,EC:1.1.1.49/0.9964
sp|Q7V121|LEU1_PROMP,EC:2.3.3.13/0.9946
tr|Q7V124|Q7V124_PROMP,EC:5.6.2.2/0.9409
sp|Q7V127|HIS5_PROMP,EC:3.5.1.2/0.8997,EC:4.3.2.10/0.8305
sp|Q7V132|RUVC_PROMP,EC:3.1.21.10/0.9964
tr|Q7V135|Q7V135_PROMP,EC:1.1.1.3/0.9754
sp|Q7V179|PURT_PROMP,EC:6.3.1.21/0.8878
sp|Q7V1B6|URE1_PROMP,EC:3.5.1.5/0.9756
sp|Q7V1C3|UPPP_PROMP,EC:3.6.1.27/0.9779
tr|Q7V1C7|Q7V1C7_PROMP,EC:6.3.5.5/0.9900
sp|Q7V1E1|RSMA_PROMP,EC:2.1.1.182/0.9950
sp|Q7V1E2|ISPE_PROMP,EC:2.7.1.148/0.9869
tr|Q7V1F8|Q7V1F8_PROMP,EC:3.4.23.36/0.9976
sp|Q7V1G6|DXS_PROMP,EC:2.2.1.7/0.9961
sp|Q7V1H9|ARGC_PROMP,EC:1.2.1.38/0.9887
tr|Q7V1I0|Q7V1I0_PROMP,EC:2.1.2.2/0.9067
sp|Q7V1I1|G6PI_PROMP,EC:5.3.1.9/0.9606
tr|Q7V1I3|Q7V1I3_PROMP,EC:5.1.1.7/0.9797
sp|Q7V1I7|COAD_PROMP,EC:2.7.7.3/0.9985
tr|Q7V1J0|Q7V1J0_PROMP,EC:4.2.1.119/0.0004
tr|Q7V1J3|Q7V1J3_PROMP,EC:4.1.2.13/0.0002
sp|Q7V1J8|SYFB_PROMP,EC:6.1.1.20/0.9876
tr|Q7V1K0|Q7V1K0_PROMP,EC:6.1.1.10/0.9178
tr|Q7V1K3|Q7V1K3_PROMP,EC:2.7.7.62/0.5776,EC:2.7.1.156/0.4076
sp|Q7V1N1|DAPB_PROMP,EC:1.17.1.8/0.7782
sp|Q7V1N4|TPIS_PROMP,EC:5.3.1.1/0.9959
tr|Q7V1N8|Q7V1N8_PROMP,EC:6.3.5.5/0.1191
sp|Q7V1R7|PROB_PROMP,EC:2.7.2.11/0.9973
sp|Q7V1R9|LEU3_PROMP,EC:1.1.1.85/0.9949
sp|Q7V1S1|ACCD_PROMP,EC:2.1.3.15/0.9978
sp|Q7V1S5|PURQ_PROMP,EC:6.3.5.3/0.8523
sp|Q7V1T1|ILVD_PROMP,EC:4.2.1.9/0.9874
tr|Q7V1T5|Q7V1T5_PROMP,EC:1.1.1.44/0.9948
sp|Q7V1T7|HEM1_PROMP,EC:1.2.1.70/0.9729
sp|Q7V1T8|FBSB_PROMP,EC:3.1.3.37/0.9985
tr|Q7V1U3|Q7V1U3_PROMP,EC:3.6.5.n1/0.9840
tr|Q7V1V9|Q7V1V9_PROMP,EC:3.6.4.10/0.0015
sp|Q7V1X3|PSTB_PROMP,EC:7.3.2.1/0.9893
tr|Q7V208|Q7V208_PROMP,EC:6.3.4.18/0.6188
sp|Q7V209|AROB_PROMP,EC:4.2.3.4/0.9970
sp|Q7V215|ISPG_PROMP,EC:1.17.7.1/0.9981
tr|Q7V245|Q7V245_PROMP,EC:2.3.1.46/0.8870,EC:2.3.1.31/0.8346
tr|Q7V267|Q7V267_PROMP,EC:6.2.1.1/0.9979
sp|Q7V272|AROA_PROMP,EC:2.5.1.19/0.9911
tr|Q7V276|Q7V276_PROMP,EC:4.1.3.36/0.9616
sp|Q7V277|MEND_PROMP,EC:2.2.1.9/0.9361
sp|Q7V286|SYW_PROMP,EC:6.1.1.2/0.9975
sp|Q7V287|SYT_PROMP,EC:6.1.1.3/0.9985
sp|Q7V299|GLGB_PROMP,EC:2.4.1.18/0.9941
sp|Q7V2A0|DCUP_PROMP,EC:4.1.1.37/0.9940
sp|Q7V2B1|NDHL_PROMP,EC:1.1.5.2/0.0001
tr|Q7V2B2|Q7V2B2_PROMP,EC:3.5.2.3/0.9930
sp|Q7V2C7|CSOCA_PROMP,EC:6.2.1.14/0.1820
sp|Q7V2C8|CSOS2_PROMP,EC:2.4.2.31/0.0001
sp|Q7V2C9|RBS_PROMP,EC:2.1.1.148/0.0011
sp|Q7V2D1|CSOS1_PROMP,EC:2.2.1.6/0.0078
sp|Q7V2D3|CSOSD_PROMP,EC:6.2.1.14/0.0000
sp|Q7V2D5|CHLN_PROMP,EC:1.3.7.7/0.9826
sp|Q7V2D6|CHLB_PROMP,EC:1.3.7.7/0.9878
sp|Q7V2D7|CHLL_PROMP,EC:1.3.7.7/0.9888
sp|Q7V2E6|ACCA_PROMP,EC:2.1.3.15/0.9943
sp|Q7V2F5|HEMH_PROMP,EC:4.99.1.1/0.9974
sp|Q7V2F8|PYRH_PROMP,EC:2.7.4.22/0.9984
sp|Q7V2G1|TAL_PROMP,EC:2.2.1.2/0.9925
tr|Q7V2G9|Q7V2G9_PROMP,EC:3.6.1.1/0.9007
sp|Q7V2H1|PURA_PROMP,EC:6.3.4.4/0.9915
tr|Q7V2H9|Q7V2H9_PROMP,EC:3.6.4.12/0.0000
tr|Q7V2I0|Q7V2I0_PROMP,EC:2.7.11.22/0.0001,EC:2.7.11.23/0.0000
sp|Q7V2I1|HEM3_PROMP,EC:2.5.1.61/0.9980
sp|Q7V2J3|GSA_PROMP,EC:5.4.3.8/0.9969
tr|Q7V2J9|Q7V2J9_PROMP,EC:3.4.11.18/0.9942
sp|Q7V2K3|SYE_PROMP,EC:6.1.1.17/0.9915
sp|Q7V2K6|TSAD_PROMP,EC:2.3.1.234/0.9966
sp|Q7V2L4|UCRI_PROMP,EC:7.1.1.6/0.9988
sp|Q7V2L5|CYF_PROMP,EC:5.2.1.8/0.0003,EC:4.1.1.4/0.0002,EC:2.3.1.12/0.0001
sp|Q7V2M3|CH601_PROMP,EC:5.6.1.7/0.9840
sp|Q7V2M7|COXX_PROMP,EC:2.5.1.141/0.9881
tr|Q7V2N0|Q7V2N0_PROMP,EC:7.1.1.3/0.9091
tr|Q7V2N7|Q7V2N7_PROMP,EC:5.6.2.1/0.9933
sp|Q7V2N8|NU2C_PROMP,EC:7.1.1.2/0.0080
sp|Q7V2P2|HIS6_PROMP,EC:4.3.2.10/0.9938
sp|Q7V2R8|LIPB_PROMP,EC:2.3.1.181/0.9965
sp|Q7V2S9|AROQ_PROMP,EC:4.2.1.10/0.9748
sp|Q7V2X4|FPG_PROMP,EC:4.2.99.18/0.9975,EC:3.2.2.23/0.9975
tr|Q7V2Y4|Q7V2Y4_PROMP,EC:1.10.3.9/0.4250,EC:1.97.1.12/0.3290
sp|Q7V2Y8|METK_PROMP,EC:2.5.1.6/0.9957
sp|Q7V2Z3|PHEB_PROMP,EC:3.2.2.22/0.0034
tr|Q7V2Z6|Q7V2Z6_PROMP,EC:2.4.2.28/0.7678
sp|Q7V2Z9|PSBF_PROMP,EC:2.1.1.86/0.0004
sp|Q7V300|PSBE_PROMP,EC:2.1.1.86/0.0003
sp|Q7V303|NDHK_PROMP,EC:2.4.1.12/0.0000
sp|Q7V304|NDHJ_PROMP,EC:1.12.98.3/0.0282
tr|Q7V324|Q7V324_PROMP,EC:2.7.8.26/0.9951
sp|Q7V329|ISPH_PROMP,EC:1.17.7.4/0.5243
sp|Q7V335|GLYA_PROMP,EC:2.1.2.1/0.9983
sp|Q7V336|LEUC_PROMP,EC:4.2.1.33/0.9800
sp|Q7V349|GLMM_PROMP,EC:5.4.2.10/0.9935
sp|Q7V352|SYI_PROMP,EC:6.1.1.5/0.9736
sp|Q7V364|AROC_PROMP,EC:4.2.3.5/0.9975
sp|Q7V368|OBG_PROMP,EC:1.13.12.7/0.0000,EC:1.4.1.2/0.0000
tr|Q7V369|Q7V369_PROMP,EC:3.6.4.12/0.0021
sp|Q7V377|ENO_PROMP,EC:4.2.1.11/0.9948
tr|Q7V386|Q7V386_PROMP,EC:1.3.5.2/0.9696
sp|Q7V388|MURG_PROMP,EC:2.4.1.227/0.9484
sp|Q7V395|MNME_PROMP,EC:1.2.1.70/0.0004
sp|Q7V3B0|NDHH_PROMP,EC:1.12.98.3/0.0033,EC:7.1.1.2/0.0017
tr|Q7V3B6|Q7V3B6_PROMP,EC:2.7.1.25/0.9957
sp|Q7V3C1|NU1C_PROMP,EC:1.12.98.3/0.5559
sp|Q7V3C2|NADK1_PROMP,EC:2.7.1.23/0.9931
tr|Q7V3C6|Q7V3C6_PROMP,EC:2.7.7.27/0.0253,EC:2.7.7.9/0.0081,EC:2.7.7.24/0.0072,EC:2.3.1.276/0.0048,EC:2.7.7.83/0.0017
sp|Q7V3C8|NU4C_PROMP,EC:1.12.98.3/0.9677
sp|Q7V3E0|FABH_PROMP,EC:2.3.1.180/0.8364
sp|Q7V3E1|PLSX_PROMP,EC:2.3.1.274/0.9562
sp|Q7V3F4|NDHO_PROMP,EC:2.3.1.263/0.0982
tr|Q7V3G8|Q7V3G8_PROMP,EC:2.7.1.71/0.9890
sp|Q7V3H3|RIMO_PROMP,EC:2.8.4.4/0.9870
tr|Q7V3J4|Q7V3J4_PROMP,EC:1.8.4.8/0.7185
tr|Q7V3L5|Q7V3L5_PROMP,EC:6.4.1.2/0.9174,EC:6.3.4.14/0.8193
tr|Q7V3L8|Q7V3L8_PROMP,EC:2.7.7.101/0.0213
sp|Q7V3M5|ARGJ_PROMP,EC:2.3.1.35/0.9810,EC:2.3.1.1/0.9565
sp|Q7V3M6|COAE_PROMP,EC:2.7.1.24/0.9954
sp|Q7V3M8|NDK_PROMP,EC:2.7.4.6/0.9870
sp|Q7V3N0|SYA_PROMP,EC:6.1.1.7/0.9968
sp|Q7V3N7|GUAA_PROMP,EC:6.3.5.2/0.9976
tr|Q7V3P7|Q7V3P7_PROMP,EC:2.7.4.16/0.9394
sp|Q7V3P8|MURC_PROMP,EC:6.3.2.8/0.9579
sp|Q7V3P9|MURB_PROMP,EC:1.3.1.98/0.9944
sp|Q7V3Q3|DNAJ_PROMP,EC:2.7.11.12/0.0024
tr|Q7V3Q6|Q7V3Q6_PROMP,EC:1.3.1.91/0.9481
tr|Q7V3Q9|Q7V3Q9_PROMP,EC:2.7.1.164/0.0000,EC:3.6.4.13/0.0000
sp|Q7V3R5|PURL_PROMP,EC:6.3.5.3/0.9740
tr|Q93P09|Q93P09_PROMP,EC:1.10.3.9/0.4980,EC:1.97.1.12/0.4056
tr|Q93P10|Q93P10_PROMP,EC:1.10.3.9/0.9857
sp|Q9RC07|PSAB_PROMP,EC:1.97.1.12/0.9962
sp|Q9RC08|PSAA_PROMP,EC:1.97.1.12/0.9947
sp|P0A3A2|DNAA_PROMP,EC:2.7.13.3/0.0000
sp|P59830|ASPA_PROMP,EC:3.5.1.15/0.9974
sp|P59882|TRUB_PROMP,EC:5.4.99.25/0.9952
sp|P59907|PSBY_PROMP,EC:2.1.1.86/0.5613
tr|Q7TU16|Q7TU16_PROMP,EC:3.6.4.12/0.0487
sp|Q7TU18|GCST_PROMP,EC:2.1.2.10/0.9586
sp|Q7TU19|MNMG_PROMP,EC:1.3.5.1/0.0004
sp|Q7TU20|GCSH_PROMP,EC:2.3.1.12/0.0001
tr|Q7TU23|Q7TU23_PROMP,EC:5.4.4.1/0.0001,EC:2.1.1.86/0.0001
sp|Q7TU24|IF3_PROMP,EC:3.1.26.5/0.0009
sp|Q7TU27|RS19_PROMP,EC:3.1.26.5/0.0130
sp|Q7TU28|RS17_PROMP,EC:3.1.26.5/0.0035
sp|Q7TU29|RL14_PROMP,EC:3.1.26.5/0.0027
sp|Q7TU30|RL36_PROMP,EC:3.1.26.5/0.0252
tr|Q7TU35|Q7TU35_PROMP,EC:4.2.1.51/0.9899
sp|Q7TU38|RS20_PROMP,EC:3.1.26.5/0.0008
sp|Q7TU42|ATPE_PROMP,EC:2.7.7.6/0.0001
sp|Q7TU43|CH10_PROMP,EC:3.6.4.12/0.0002
sp|Q7TU56|PRMA_PROMP,EC:2.7.7.105/0.0000,EC:2.1.1.104/0.0000
tr|Q7TU59|Q7TU59_PROMP,EC:1.3.98.3/0.0003
tr|Q7TU61|Q7TU61_PROMP,EC:3.4.21.107/0.0012
tr|Q7TU62|Q7TU62_PROMP,EC:6.3.2.12/0.9945
sp|Q7TU64|TRPC_PROMP,EC:4.1.1.48/0.9820
sp|Q7TU65|RS16_PROMP,EC:3.1.26.5/0.0018
sp|Q7TU67|RS14_PROMP,EC:3.1.26.5/0.0273
tr|Q7TU77|Q7TU77_PROMP,EC:2.7.7.41/0.4701
tr|Q7TU82|Q7TU82_PROMP,EC:6.6.1.1/0.9970
sp|Q7TU88|RS21_PROMP,EC:3.1.26.5/0.2479
sp|Q7TU90|TRPD_PROMP,EC:2.4.2.18/0.9703
sp|Q7TU92|RS15_PROMP,EC:2.7.1.197/0.0000
sp|Q7TU94|PSB28_PROMP,EC:4.7.1.1/0.0031
sp|Q7TU96|HISZ_PROMP,EC:6.1.1.21/0.0003
sp|Q7TU99|RL33_PROMP,EC:4.2.1.2/0.0026
sp|Q7TUA0|RS18_PROMP,EC:5.6.2.2/0.0001,EC:3.6.4.12/0.0001,EC:2.7.7.6/0.0001
sp|Q7TUA3|FMT_PROMP,EC:2.1.2.9/0.9900
sp|Q7TUA7|HIS4_PROMP,EC:5.3.1.16/0.9955
sp|Q7TUA9|EFTS_PROMP,EC:2.7.7.6/0.0035
tr|Q7TUC3|Q7TUC3_PROMP,EC:2.5.1.49/0.9984
tr|Q7TUC6|Q7TUC6_PROMP,EC:1.12.98.3/0.0132,EC:7.1.1.2/0.0066
sp|Q7TUC8|TRPA_PROMP,EC:4.2.1.20/0.9742,EC:4.1.2.8/0.9733
tr|Q7TUD0|Q7TUD0_PROMP,EC:3.2.2.22/0.0033
tr|Q7TUD5|Q7TUD5_PROMP,EC:2.1.1.34/0.9971
tr|Q7TUD6|Q7TUD6_PROMP,EC:4.4.1.13/0.9802,EC:4.4.1.1/0.9775
tr|Q7TUD8|Q7TUD8_PROMP,EC:5.6.2.1/0.0000
tr|Q7TUE0|Q7TUE0_PROMP,EC:2.1.1.151/0.0151
tr|Q7TUE6|Q7TUE6_PROMP,EC:3.4.11.5/0.9641
sp|Q7TUF3|PETD_PROMP,EC:7.1.1.3/0.0171
tr|Q7TUF4|Q7TUF4_PROMP,EC:3.4.21.102/0.9906
sp|Q7TUF5|PSBM_PROMP,EC:2.1.1.86/0.0035
tr|Q7TUG5|Q7TUG5_PROMP,EC:3.2.2.21/0.0493
tr|Q7TUG8|Q7TUG8_PROMP,EC:2.4.2.19/0.7090
sp|Q7TUH0|TRPB_PROMP,EC:4.2.1.20/0.9258
tr|Q7TUH2|Q7TUH2_PROMP,EC:1.12.98.3/0.1919
tr|Q7TUH4|Q7TUH4_PROMP,EC:1.12.98.3/0.6659
tr|Q7TUH9|Q7TUH9_PROMP,EC:3.1.11.6/0.0000
tr|Q7TUI0|Q7TUI0_PROMP,EC:1.2.1.12/0.9342
sp|Q7TUI1|ARLY_PROMP,EC:4.3.2.1/0.9981
sp|Q7UZG0|ASSY_PROMP,EC:6.3.4.5/0.9975
sp|Q7UZG1|RS6_PROMP,EC:2.8.1.15/0.0000
sp|Q7UZG3|DNAK2_PROMP,EC:3.6.4.10/0.9271
tr|Q7UZG5|Q7UZG5_PROMP,EC:3.5.1.10/0.9976
tr|Q7UZG8|Q7UZG8_PROMP,EC:2.5.1.54/0.9967
tr|Q7UZH0|Q7UZH0_PROMP,EC:3.6.4.12/0.0012
tr|Q7UZH2|Q7UZH2_PROMP,EC:2.1.1.107/0.4451,EC:4.99.1.4/0.2375,EC:1.3.1.76/0.2044
tr|Q7UZJ0|Q7UZJ0_PROMP,EC:3.6.4.12/0.2855
sp|Q7UZJ1|RL9_PROMP,EC:3.1.26.5/0.0004
tr|Q7UZJ5|Q7UZJ5_PROMP,EC:1.4.4.2/0.9882
sp|Q7UZK1|RL20_PROMP,EC:3.1.26.5/0.1624
sp|Q7UZK2|RL35_PROMP,EC:1.1.7.1/0.0000
sp|Q7UZK6|CLPX_PROMP,EC:3.4.21.53/0.0021
sp|Q7UZK7|CLPP3_PROMP,EC:3.4.21.92/0.9963
sp|Q7UZL1|TILS_PROMP,EC:6.3.4.19/0.9384
tr|Q7UZL4|Q7UZL4_PROMP,EC:2.7.2.4/0.9907
sp|Q7UZL6|MUTS_PROMP,EC:3.6.4.12/0.0257
sp|Q7UZL7|RISB_PROMP,EC:2.5.1.78/0.9977
tr|Q7UZM2|Q7UZM2_PROMP,EC:2.3.1.30/0.9893
sp|Q7UZM6|FLUC2_PROMP,EC:3.2.1.31/0.0002,EC:1.16.1.7/0.0001
sp|Q7UZM7|FLUC1_PROMP,EC:3.4.23.36/0.0001
tr|Q7UZM8|Q7UZM8_PROMP,EC:3.1.4.59/0.0001,EC:7.6.2.9/0.0001
sp|Q7UZN3|SAHH_PROMP,EC:3.3.1.1/0.9964
tr|Q7UZN6|Q7UZN6_PROMP,EC:2.7.13.3/0.0003
sp|Q7UZP2|SSRP_PROMP,EC:3.1.26.5/0.0000
tr|Q7UZP8|Q7UZP8_PROMP,EC:2.2.1.1/0.9885
tr|Q7UZP9|Q7UZP9_PROMP,EC:2.3.1.179/0.9906
sp|Q7UZQ0|ACP_PROMP,EC:3.4.21.107/0.0359
sp|Q7UZQ3|RIMM_PROMP,EC:3.1.13.1/0.0001
tr|Q7UZQ7|Q7UZQ7_PROMP,EC:2.4.1.1/0.9971
tr|Q7UZR2|Q7UZR2_PROMP,EC:1.1.1.42/0.9390
sp|Q7UZR7|PUR5_PROMP,EC:6.3.3.1/0.9828
tr|Q7UZS4|Q7UZS4_PROMP,EC:3.4.21.107/0.0000,EC:6.3.2.17/0.0000
tr|Q7UZS7|Q7UZS7_PROMP,EC:3.4.23.2/0.0170,EC:2.1.1.86/0.0111,EC:3.4.23.1/0.0065,EC:3.4.23.3/0.0051
sp|Q7UZT0|CAPP_PROMP,EC:4.1.1.31/0.9974
tr|Q7UZT2|Q7UZT2_PROMP,EC:3.6.4.12/0.0000,EC:3.1.11.5/0.0000
sp|Q7UZU6|NDHN_PROMP,EC:3.2.2.22/0.0022
sp|Q7UZU7|RL3_PROMP,EC:4.4.1.24/0.0049
sp|Q7UZU8|RL4_PROMP,EC:3.1.26.5/0.0010,EC:2.7.7.6/0.0008
sp|Q7UZU9|RL23_PROMP,EC:3.1.26.5/0.0133
sp|Q7UZV0|RL2_PROMP,EC:3.1.21.10/0.0000
sp|Q7UZV1|RL22_PROMP,EC:3.1.26.5/0.0000,EC:2.7.7.6/0.0000
sp|Q7UZV3|RL16_PROMP,EC:3.1.21.10/0.0001,EC:3.1.26.5/0.0000
sp|Q7UZV4|RL29_PROMP,EC:1.2.1.73/0.0000
sp|Q7UZV5|RL24_PROMP,EC:3.1.26.5/0.0161
sp|Q7UZV6|RL5_PROMP,EC:3.1.26.5/0.0057
sp|Q7UZV7|RS8_PROMP,EC:3.1.26.5/0.0001,EC:2.7.7.6/0.0001
sp|Q7UZV8|RL6_PROMP,EC:2.7.7.6/0.0004,EC:6.2.1.14/0.0003
sp|Q7UZV9|RL18_PROMP,EC:3.1.26.5/0.0034
sp|Q7UZW1|RL15_PROMP,EC:2.7.7.6/0.0000
tr|Q7UZW2|Q7UZW2_PROMP,EC:1.12.98.3/0.0000,EC:2.7.1.199/0.0000
sp|Q7UZW5|RS11_PROMP,EC:3.1.26.5/0.0007
sp|Q7UZW7|RL17_PROMP,EC:3.1.26.5/0.0868
sp|Q7UZW8|RL13_PROMP,EC:3.1.26.5/0.0049
sp|Q7UZW9|RS9_PROMP,EC:3.1.21.10/0.0002
sp|Q7UZX0|RL31_PROMP,EC:7.1.1.1/0.0006
sp|Q7UZX1|RF1_PROMP,EC:6.1.1.7/0.0028,EC:5.2.1.8/0.0023
tr|Q7UZX5|Q7UZX5_PROMP,EC:2.1.1.86/0.0004
sp|Q7UZX6|PSAL_PROMP,EC:1.11.2.3/0.0001
tr|Q7UZY3|Q7UZY3_PROMP,EC:2.4.2.48/0.0002
sp|Q7UZY5|RS7_PROMP,EC:3.1.21.10/0.0023,EC:3.1.26.5/0.0015
sp|Q7UZY6|EFG_PROMP,EC:3.6.5.n1/0.7713
sp|Q7UZY7|EFTU_PROMP,EC:3.6.5.3/0.1321
sp|Q7UZY8|RS10_PROMP,EC:3.1.26.5/0.0010,EC:2.7.7.6/0.0008
tr|Q7UZZ4|Q7UZZ4_PROMP,EC:4.99.1.10/0.0004
sp|Q7UZZ9|IF2_PROMP,EC:3.6.4.12/0.0008
tr|Q7V001|Q7V001_PROMP,EC:2.7.7.8/0.0001
sp|Q7V002|RIMP_PROMP,EC:4.1.2.25/0.0025
tr|Q7V005|Q7V005_PROMP,EC:2.6.1.92/0.0000
sp|Q7V016|RSMG_PROMP,EC:2.1.1.170/0.9560
sp|Q7V028|CCS1_PROMP,EC:7.1.1.2/0.0005,EC:2.1.1.86/0.0003
sp|Q7V032|ATP6_PROMP,EC:7.1.1.2/0.0001,EC:1.12.98.3/0.0001
sp|Q7V034|ATPF2_PROMP,EC:2.7.1.191/0.0000,EC:3.1.11.6/0.0000
sp|Q7V035|ATPF_PROMP,EC:3.1.11.6/0.0000
sp|Q7V036|ATPD_PROMP,EC:2.7.7.6/0.0018
sp|Q7V038|ATPG_PROMP,EC:1.12.98.3/0.0001,EC:2.7.8.35/0.0000
tr|Q7V043|Q7V043_PROMP,EC:2.7.7.18/0.9092
sp|Q7V048|RRP3_PROMP,EC:4.2.3.38/0.0008
tr|Q7V050|Q7V050_PROMP,EC:7.1.1.2/0.0001,EC:7.2.1.2/0.0001
tr|Q7V052|Q7V052_PROMP,EC:2.4.2.9/0.9638
sp|Q7V054|RPOZ_PROMP,EC:2.7.7.6/0.0190
tr|Q7V089|Q7V089_PROMP,EC:3.6.1.9/0.0008,EC:3.1.4.1/0.0007,EC:4.99.1.12/0.0007
tr|Q7V0B5|Q7V0B5_PROMP,EC:1.1.1.95/0.9978,EC:1.1.1.399/0.9969
sp|Q7V0C1|RL27_PROMP,EC:3.1.21.10/0.0000
sp|Q7V0C2|RL21_PROMP,EC:3.1.26.5/0.0004
sp|Q7V0C3|KAIB_PROMP,EC:2.6.1.45/0.0001,EC:7.1.1.2/0.0001
tr|Q7V0C5|Q7V0C5_PROMP,EC:2.7.13.3/0.9559
tr|Q7V0C6|Q7V0C6_PROMP,EC:6.3.4.13/0.9933
sp|Q7V0C7|PUR7_PROMP,EC:6.3.2.6/0.9959
tr|Q7V0D2|Q7V0D2_PROMP,EC:2.4.1.182/0.9324
tr|Q7V0D3|Q7V0D3_PROMP,EC:1.8.4.11/0.5789
tr|Q7V0E9|Q7V0E9_PROMP,EC:2.7.8.26/0.0100
sp|Q7V0F1|CLPP2_PROMP,EC:3.4.21.92/0.9984
tr|Q7V0G2|Q7V0G2_PROMP,EC:1.8.1.4/0.9674
tr|Q7V0H0|Q7V0H0_PROMP,EC:1.2.4.1/0.9832
tr|Q7V0H6|Q7V0H6_PROMP,EC:1.3.1.98/0.0000
sp|Q7V0I6|SURE_PROMP,EC:3.1.3.5/0.9969
sp|Q7V0J3|OTC_PROMP,EC:2.1.3.3/0.9929
tr|Q7V0J5|Q7V0J5_PROMP,EC:1.1.1.22/0.9812
tr|Q7V0J6|Q7V0J6_PROMP,EC:4.2.1.46/0.0489
tr|Q7V0M3|Q7V0M3_PROMP,EC:1.1.1.364/0.0000
tr|Q7V0N8|Q7V0N8_PROMP,EC:2.7.1.167/0.0004,EC:2.7.7.70/0.0004,EC:2.7.1.83/0.0003
tr|Q7V0P2|Q7V0P2_PROMP,EC:3.1.3.83/0.4899
tr|Q7V0P7|Q7V0P7_PROMP,EC:5.1.3.2/0.9898
tr|Q7V0P8|Q7V0P8_PROMP,EC:4.2.1.47/0.9823
tr|Q7V0R0|Q7V0R0_PROMP,EC:2.7.7.13/0.9647
tr|Q7V0R3|Q7V0R3_PROMP,EC:2.1.1.198/0.9735
tr|Q7V0R6|Q7V0R6_PROMP,EC:3.4.21.107/0.0001
sp|Q7V0R8|YIDC_PROMP,EC:1.8.1.8/0.0000
tr|Q7V0S0|Q7V0S0_PROMP,EC:3.1.26.5/0.9955
sp|Q7V0S1|RL34_PROMP,EC:3.1.26.5/0.0000
tr|Q7V0S3|Q7V0S3_PROMP,EC:5.4.99.5/0.0000
sp|Q7V0T8|SYGA_PROMP,EC:6.1.1.14/0.9915
sp|Q7V0U2|COBQ_PROMP,EC:6.3.5.11/0.9102
sp|Q7V0U3|NTPP_PROMP,EC:3.6.1.9/0.9906
sp|Q7V0U6|YCF4_PROMP,EC:1.2.1.n2/0.0000,EC:2.4.2.46/0.0000
tr|Q7V0U7|Q7V0U7_PROMP,EC:5.2.1.8/0.0334
tr|Q7V0V2|Q7V0V2_PROMP,EC:1.8.1.9/0.8886
tr|Q7V0V6|Q7V0V6_PROMP,EC:7.1.1.1/0.0528
tr|Q7V0V7|Q7V0V7_PROMP,EC:7.1.1.1/0.9092
tr|Q7V0W2|Q7V0W2_PROMP,EC:2.7.7.7/0.9433
tr|Q7V0W4|Q7V0W4_PROMP,EC:3.6.5.3/0.0023
sp|Q7V0X5|APT_PROMP,EC:2.4.2.7/0.9945
tr|Q7V0X9|Q7V0X9_PROMP,EC:5.2.1.13/0.0741
tr|Q7V0Z1|Q7V0Z1_PROMP,EC:3.6.4.12/0.0532
sp|Q7V0Z7|RECR_PROMP,EC:3.6.4.12/0.2307
sp|Q7V100|TRHO_PROMP,EC:1.20.4.1/0.0061
sp|Q7V102|ISPT_PROMP,EC:2.5.1.31/0.7995
tr|Q7V106|Q7V106_PROMP,EC:3.4.21.53/0.0538
tr|Q7V110|Q7V110_PROMP,EC:2.4.1.25/0.9760
sp|Q7V113|SASA_PROMP,EC:2.7.13.3/0.8689
tr|Q7V115|Q7V115_PROMP,EC:1.18.1.2/0.8568
sp|Q7V129|PETG_PROMP,EC:2.1.1.86/0.1270
tr|Q7V131|Q7V131_PROMP,EC:2.1.1.177/0.3943,EC:2.1.1.200/0.2965
tr|Q7V133|Q7V133_PROMP,EC:6.3.3.2/0.9886
tr|Q7V174|Q7V174_PROMP,EC:1.3.1.91/0.0265
tr|Q7V180|Q7V180_PROMP,EC:3.4.11.2/0.2871
sp|Q7V1B0|UREG_PROMP,EC:6.3.3.3/0.0001
sp|Q7V1B1|UREF_PROMP,EC:3.5.3.6/0.0000
sp|Q7V1B2|UREE_PROMP,EC:6.1.1.26/0.0001,EC:4.1.99.20/0.0000
sp|Q7V1B3|URED_PROMP,EC:6.2.1.35/0.0001,EC:1.7.1.3/0.0000
sp|Q7V1B4|URE3_PROMP,EC:3.5.1.5/0.7455
sp|Q7V1B5|URE2_PROMP,EC:3.5.1.5/0.9565
tr|Q7V1C4|Q7V1C4_PROMP,EC:1.8.4.11/0.9506
tr|Q7V1C8|Q7V1C8_PROMP,EC:3.1.26.5/0.0000
sp|Q7V1D0|GATA_PROMP,EC:6.3.5.7/0.9963
tr|Q7V1D1|Q7V1D1_PROMP,EC:2.7.7.7/0.4952
sp|Q7V1D3|RUVA_PROMP,EC:3.6.4.12/0.9637
tr|Q7V1D6|Q7V1D6_PROMP,EC:2.7.7.101/0.9914
sp|Q7V1D9|RLMH_PROMP,EC:2.1.1.177/0.9728
tr|Q7V1E4|Q7V1E4_PROMP,EC:1.2.4.1/0.7350
tr|Q7V1E5|Q7V1E5_PROMP,EC:7.2.2.10/0.0002
tr|Q7V1E6|Q7V1E6_PROMP,EC:7.6.2.2/0.0008
tr|Q7V1F3|Q7V1F3_PROMP,EC:6.3.1.2/0.9887
tr|Q7V1F4|Q7V1F4_PROMP,EC:2.6.1.51/0.7007,EC:2.6.1.44/0.6932
tr|Q7V1G1|Q7V1G1_PROMP,EC:2.7.1.40/0.9849
tr|Q7V1G5|Q7V1G5_PROMP,EC:4.3.1.19/0.9457
sp|Q7V1H0|RL28_PROMP,EC:3.1.26.5/0.0009
tr|Q7V1H2|Q7V1H2_PROMP,EC:3.1.3.25/0.9678
sp|Q7V1H4|DNAK1_PROMP,EC:3.6.4.10/0.1182
tr|Q7V1H7|Q7V1H7_PROMP,EC:5.2.1.8/0.2667
sp|Q7V1I2|SYL_PROMP,EC:6.1.1.4/0.9952
sp|Q7V1I9|UVRC_PROMP,EC:3.1.26.12/0.0034,EC:3.6.4.12/0.0018
tr|Q7V1K4|Q7V1K4_PROMP,EC:2.1.1.207/0.9969
sp|Q7V1L2|RL32_PROMP,EC:3.1.26.5/0.0005
sp|Q7V1M1|ACSF_PROMP,EC:1.14.13.81/0.9902
tr|Q7V1M5|Q7V1M5_PROMP,EC:3.6.4.12/0.0165
tr|Q7V1N2|Q7V1N2_PROMP,EC:4.2.3.59/0.0000,EC:2.1.1.86/0.0000
tr|Q7V1N3|Q7V1N3_PROMP,EC:2.5.1.15/0.9970
tr|Q7V1P0|Q7V1P0_PROMP,EC:1.12.98.3/0.0023
tr|Q7V1Q2|Q7V1Q2_PROMP,EC:1.16.3.1/0.8550
tr|Q7V1Q4|Q7V1Q4_PROMP,EC:4.2.99.18/0.4194
tr|Q7V1Q8|Q7V1Q8_PROMP,EC:2.7.8.5/0.7399
sp|Q7V1R4|YQGF_PROMP,EC:2.3.2.22/0.0004
sp|Q7V1R8|LPXD_PROMP,EC:2.3.1.191/0.9848
tr|Q7V1S0|Q7V1S0_PROMP,EC:2.7.1.19/0.9873
tr|Q7V1S4|Q7V1S4_PROMP,EC:4.1.2.13/0.9790
tr|Q7V1S6|Q7V1S6_PROMP,EC:2.7.7.6/0.0024
tr|Q7V1T4|Q7V1T4_PROMP,EC:3.1.1.31/0.9244
tr|Q7V1T6|Q7V1T6_PROMP,EC:2.7.7.27/0.9854
tr|Q7V1T9|Q7V1T9_PROMP,EC:5.1.3.1/0.8613
sp|Q7V1U0|CCSA_PROMP,EC:7.1.1.9/0.0001
tr|Q7V1U5|Q7V1U5_PROMP,EC:1.3.1.83/0.9472
tr|Q7V1U6|Q7V1U6_PROMP,EC:6.1.1.14/0.9038
tr|Q7V1U8|Q7V1U8_PROMP,EC:3.4.13.22/0.8308
tr|Q7V1U9|Q7V1U9_PROMP,EC:3.6.4.12/0.0228
sp|Q7V1V0|RS2_PROMP,EC:6.6.1.2/0.0000,EC:2.1.1.179/0.0000
sp|Q7V1W0|CLPP1_PROMP,EC:3.4.21.92/0.9983
sp|Q7V1W1|THF1_PROMP,EC:2.1.1.148/0.0137
sp|Q7V1W2|PETN_PROMP,EC:2.1.1.86/0.4470
tr|Q7V1X0|Q7V1X0_PROMP,EC:6.5.1.1/0.9706
tr|Q7V1X4|Q7V1X4_PROMP,EC:7.2.2.8/0.0000
tr|Q7V1X5|Q7V1X5_PROMP,EC:7.2.2.8/0.0000
tr|Q7V1Y2|Q7V1Y2_PROMP,EC:1.2.1.72/0.6636,EC:1.2.1.12/0.5807
tr|Q7V213|Q7V213_PROMP,EC:2.5.1.72/0.9944
tr|Q7V216|Q7V216_PROMP,EC:3.2.2.28/0.0024
tr|Q7V217|Q7V217_PROMP,EC:2.6.1.78/0.9958
tr|Q7V223|Q7V223_PROMP,EC:2.1.1.193/0.9005
sp|Q7V226|HSLO_PROMP,EC:2.7.7.6/0.0000
tr|Q7V228|Q7V228_PROMP,EC:3.6.5.n1/0.0100
tr|Q7V232|Q7V232_PROMP,EC:5.4.99.21/0.9960
tr|Q7V242|Q7V242_PROMP,EC:4.99.1.3/0.2516
sp|Q7V263|SYH_PROMP,EC:6.1.1.21/0.9951
tr|Q7V271|Q7V271_PROMP,EC:2.3.2.22/0.0003
sp|Q7V275|GLGA_PROMP,EC:2.4.1.21/0.9977
tr|Q7V278|Q7V278_PROMP,EC:3.4.21.89/0.8718
sp|Q7V289|KHSE_PROMP,EC:2.7.1.39/0.9898
tr|Q7V290|Q7V290_PROMP,EC:3.4.24.70/0.9499
tr|Q7V292|Q7V292_PROMP,EC:4.1.2.25/0.9734
sp|Q7V293|PROA_PROMP,EC:1.2.1.41/0.8905
sp|Q7V2A3|CLPB_PROMP,EC:3.4.21.53/0.0153
tr|Q7V2A4|Q7V2A4_PROMP,EC:4.1.2.50/0.5199
tr|Q7V2B4|Q7V2B4_PROMP,EC:1.8.1.7/0.9835
sp|Q7V2C0|HIS1_PROMP,EC:2.4.2.17/0.9242
tr|Q7V2C1|Q7V2C1_PROMP,EC:3.1.2.6/0.9975
sp|Q7V2C5|CSS4B_PROMP,EC:2.7.7.6/0.0007
sp|Q7V2C6|CSS4A_PROMP,EC:3.1.26.5/0.0001,EC:4.4.1.24/0.0001
tr|Q7V2D8|Q7V2D8_PROMP,EC:1.3.1.33/0.3191
sp|Q7V2E0|PSAM_PROMP,EC:2.1.1.86/0.2407
tr|Q7V2E3|Q7V2E3_PROMP,EC:5.3.1.24/0.3720
tr|Q7V2E4|Q7V2E4_PROMP,EC:3.5.4.16/0.8833
tr|Q7V2E7|Q7V2E7_PROMP,EC:1.2.1.80/0.9726
tr|Q7V2E8|Q7V2E8_PROMP,EC:4.1.99.5/0.9149
tr|Q7V2F2|Q7V2F2_PROMP,EC:2.4.2.28/0.8721
tr|Q7V2F4|Q7V2F4_PROMP,EC:2.2.1.6/0.9521
sp|Q7V2F9|RRF_PROMP,EC:3.6.4.12/0.0010
tr|Q7V2G7|Q7V2G7_PROMP,EC:3.4.21.89/0.3838
sp|Q7V2H0|SYP_PROMP,EC:6.1.1.15/0.9954
tr|Q7V2I2|Q7V2I2_PROMP,EC:3.6.1.1/0.9914
tr|Q7V2I3|Q7V2I3_PROMP,EC:3.4.17.19/0.5890
sp|Q7V2I5|PHS_PROMP,EC:4.2.1.96/0.9945
tr|Q7V2J2|Q7V2J2_PROMP,EC:3.1.11.2/0.9431
sp|Q7V2K1|RL19_PROMP,EC:3.1.26.5/0.0000
tr|Q7V2K7|Q7V2K7_PROMP,EC:2.1.1.86/0.0067
sp|Q7V2K8|PSAJ_PROMP,EC:1.11.1.7/0.0005,EC:7.2.1.1/0.0004,EC:3.1.1.4/0.0003,EC:3.1.1.32/0.0003
sp|Q7V2K9|KGUA_PROMP,EC:2.7.4.8/0.9973
tr|Q7V2L2|Q7V2L2_PROMP,EC:2.3.1.269/0.0055
sp|Q7V2L6|LGT_PROMP,EC:2.5.1.145/0.9290
tr|Q7V2L9|Q7V2L9_PROMP,EC:2.5.1.39/0.0112
sp|Q7V2M1|ISPD_PROMP,EC:2.7.7.60/0.9905
tr|Q7V2M2|Q7V2M2_PROMP,EC:1.1.1.100/0.9924
tr|Q7V2M9|Q7V2M9_PROMP,EC:7.1.1.9/0.5135
tr|Q7V2N1|Q7V2N1_PROMP,EC:7.1.1.9/0.3905
tr|Q7V2P1|Q7V2P1_PROMP,EC:2.1.1.329/0.9168
tr|Q7V2P5|Q7V2P5_PROMP,EC:3.4.16.4/0.9797
tr|Q7V2P6|Q7V2P6_PROMP,EC:2.1.1.176/0.6111
sp|Q7V2Q1|LEPA_PROMP,EC:3.6.5.n1/0.9989
sp|Q7V2Q2|MQO_PROMP,EC:1.1.5.4/0.8602
tr|Q7V2Q5|Q7V2Q5_PROMP,EC:2.1.1.137/0.0035
sp|Q7V2R1|RS4_PROMP,EC:2.7.7.6/0.0007
tr|Q7V2R2|Q7V2R2_PROMP,EC:2.5.1.47/0.9965
sp|Q7V2R3|QUEA_PROMP,EC:2.4.99.17/0.9909
tr|Q7V2R4|Q7V2R4_PROMP,EC:2.3.1.12/0.9952
tr|Q7V2R9|Q7V2R9_PROMP,EC:3.4.22.45/0.0001,EC:3.1.31.1/0.0001
tr|Q7V2S0|Q7V2S0_PROMP,EC:4.1.2.4/0.0007,EC:4.1.1.112/0.0005
tr|Q7V2S1|Q7V2S1_PROMP,EC:1.5.1.2/0.9766
sp|Q7V2S2|SEPF_PROMP,EC:2.7.1.199/0.0002,EC:3.6.4.12/0.0002
sp|Q7V2S6|DER_PROMP,EC:4.2.1.75/0.0000
tr|Q7V2T9|Q7V2T9_PROMP,EC:1.8.1.8/0.0003
sp|Q7V2U0|CYNS_PROMP,EC:4.2.1.104/0.9947
tr|Q7V2W2|Q7V2W2_PROMP,EC:3.1.11.6/0.0000
sp|Q7V2X3|PSAE_PROMP,EC:2.1.1.265/0.0006
sp|Q7V2X6|CYB6_PROMP,EC:7.1.1.9/0.0021
sp|Q7V2X8|MINC_PROMP,EC:5.3.1.34/0.0001
tr|Q7V2X9|Q7V2X9_PROMP,EC:2.7.13.3/0.0001
sp|Q7V2Y0|MINE_PROMP,EC:2.7.7.6/0.0000
tr|Q7V2Y2|Q7V2Y2_PROMP,EC:2.1.1.297/0.9938
sp|Q7V2Y5|PSBT_PROMP,EC:2.1.1.86/0.0008
sp|Q7V2Y6|NRDR_PROMP,EC:2.7.7.6/0.1518
sp|Q7V2Z2|CPES_PROMP,EC:3.1.2.2/0.0000
tr|Q7V2Z4|Q7V2Z4_PROMP,EC:3.6.4.12/0.3086
sp|Q7V2Z7|PSBJ_PROMP,EC:2.1.1.86/0.0049
sp|Q7V2Z8|PSBL_PROMP,EC:1.2.1.82/0.0000
sp|Q7V301|YCF48_PROMP,EC:1.4.9.1/0.0001
tr|Q7V305|Q7V305_PROMP,EC:6.3.2.5/0.0000
tr|Q7V308|Q7V308_PROMP,EC:2.7.6.3/0.9707
tr|Q7V310|Q7V310_PROMP,EC:4.1.99.3/0.9880
tr|Q7V313|Q7V313_PROMP,EC:1.3.1.9/0.8498
sp|Q7V314|HIS7_PROMP,EC:4.2.1.19/0.9968
tr|Q7V320|Q7V320_PROMP,EC:2.4.2.10/0.9855
sp|Q7V323|PSBK_PROMP,EC:3.4.17.6/0.0037
tr|Q7V330|Q7V330_PROMP,EC:1.7.2.5/0.0001
tr|Q7V337|Q7V337_PROMP,EC:4.2.1.33/0.9443
sp|Q7V339|PSBI_PROMP,EC:1.1.5.2/0.0011
sp|Q7V340|PSBN_PROMP,EC:4.2.1.152/0.0000,EC:7.1.1.6/0.0000
sp|Q7V341|PSBH_PROMP,EC:2.1.1.86/0.1368
sp|Q7V342|PTH_PROMP,EC:3.1.1.29/0.9973
sp|Q7V350|TRMB_PROMP,EC:2.1.1.33/0.9769
sp|Q7V354|GATC_PROMP,EC:5.3.3.2/0.0002
sp|Q7V355|PYRB_PROMP,EC:2.1.3.2/0.7489
tr|Q7V360|Q7V360_PROMP,EC:3.2.2.22/0.0011
tr|Q7V361|Q7V361_PROMP,EC:2.7.7.4/0.3695
tr|Q7V370|Q7V370_PROMP,EC:4.2.1.24/0.9987
tr|Q7V378|Q7V378_PROMP,EC:3.4.21.53/0.4880
tr|Q7V379|Q7V379_PROMP,EC:7.2.4.2/0.0000
tr|Q7V380|Q7V380_PROMP,EC:2.7.7.6/0.0043
sp|Q7V381|RL11_PROMP,EC:2.7.7.6/0.0000
sp|Q7V382|RL1_PROMP,EC:3.1.26.5/0.0000
sp|Q7V383|RL10_PROMP,EC:2.7.1.191/0.0000
sp|Q7V384|RL7_PROMP,EC:1.2.5.3/0.0006
tr|Q7V385|Q7V385_PROMP,EC:3.1.26.4/0.1965
tr|Q7V387|Q7V387_PROMP,EC:4.1.1.81/0.6985
sp|Q7V390|PGK_PROMP,EC:2.7.2.3/0.9973
tr|Q7V391|Q7V391_PROMP,EC:1.4.1.2/0.0000,EC:6.2.1.3/0.0000
tr|Q7V392|Q7V392_PROMP,EC:5.4.99.23/0.9978
sp|Q7V396|SYR_PROMP,EC:6.1.1.19/0.9649
tr|Q7V397|Q7V397_PROMP,EC:2.6.1.9/0.9386
tr|Q7V3A0|Q7V3A0_PROMP,EC:2.7.1.66/0.8390
sp|Q7V3A1|YBEY_PROMP,EC:1.3.7.5/0.0001
tr|Q7V3A3|Q7V3A3_PROMP,EC:5.2.1.8/0.0022
tr|Q7V3A5|Q7V3A5_PROMP,EC:5.4.4.2/0.9821
tr|Q7V3A6|Q7V3A6_PROMP,EC:2.5.1.130/0.5732
sp|Q7V3A9|DNCH_PROMP,EC:3.1.2.28/0.9965
sp|Q7V3B1|RSMH_PROMP,EC:2.1.1.199/0.9938
tr|Q7V3B5|Q7V3B5_PROMP,EC:5.4.99.18/0.9977
tr|Q7V3C0|Q7V3C0_PROMP,EC:2.3.3.5/0.9825,EC:2.3.3.16/0.9625
sp|Q7V3D1|NDHM_PROMP,EC:1.3.7.5/0.0206,EC:2.5.1.83/0.0109
tr|Q7V3D2|Q7V3D2_PROMP,EC:1.3.5.5/0.9617
tr|Q7V3D9|Q7V3D9_PROMP,EC:2.3.1.39/0.9867
tr|Q7V3E3|Q7V3E3_PROMP,EC:3.6.4.12/0.0624
sp|Q7V3E4|YCF3_PROMP,EC:1.4.3.2/0.0112
sp|Q7V3E6|KTHY_PROMP,EC:2.7.4.9/0.9930
tr|Q7V3F2|Q7V3F2_PROMP,EC:2.5.1.47/0.9396,EC:4.4.1.9/0.8566
tr|Q7V3G0|Q7V3G0_PROMP,EC:1.3.5.6/0.2360
tr|Q7V3G2|Q7V3G2_PROMP,EC:4.2.1.75/0.9934
sp|Q7V3G3|RBFA_PROMP,EC:2.7.13.3/0.0012
tr|Q7V3G9|Q7V3G9_PROMP,EC:4.1.2.50/0.9430
tr|Q7V3H5|Q7V3H5_PROMP,EC:1.4.3.16/0.9893
tr|Q7V3J5|Q7V3J5_PROMP,EC:2.7.1.33/0.1929
tr|Q7V3J8|Q7V3J8_PROMP,EC:3.6.4.12/0.4492
tr|Q7V3K5|Q7V3K5_PROMP,EC:2.8.1.7/0.9303
sp|Q7V3K7|DEF_PROMP,EC:3.5.1.88/0.9772
sp|Q7V3L3|PSBX_PROMP,EC:2.1.1.86/0.0171,EC:2.1.3.1/0.0125
sp|Q7V3M7|GATB_PROMP,EC:6.1.1.3/0.0012
sp|Q7V3M9|SPEA_PROMP,EC:4.1.1.19/0.9823
sp|Q7V3N8|CBID_PROMP,EC:2.1.1.195/0.9822
sp|Q7V3P5|EFP_PROMP,EC:3.6.4.12/0.0052
sp|Q7V3Q0|Y020_PROMP,EC:2.1.1.86/0.0003
tr|Q7V3Q1|Q7V3Q1_PROMP,EC:1.14.13.39/0.0001
sp|Q7V3Q4|GRPE_PROMP,EC:2.3.2.27/0.0024
tr|Q7V3R4|Q7V3R4_PROMP,EC:5.6.2.2/0.9812
tr|Q7V3R7|Q7V3R7_PROMP,EC:3.1.11.2/0.0013,EC:3.6.4.12/0.0011
tr|Q8GBX9|Q8GBX9_PROMP,EC:3.2.1.26/0.0005
sp|Q93SN7|PEBB_PROMP,EC:1.3.7.3/0.9894
sp|Q93SN8|PEBA_PROMP,EC:1.3.7.2/0.9961
sp|Q93TL5|PCYA_PROMP,EC:1.3.7.5/0.9356
tr|A8WI02|A8WI02_PROMP,EC:5.4.99.5/0.0341
tr|A8WI04|A8WI04_PROMP,EC:4.2.3.38/0.0023
tr|A8WI05|A8WI05_PROMP,EC:1.12.2.1/0.0003
tr|A8WI06|A8WI06_PROMP,EC:1.11.1.24/0.0006
tr|A8WI07|A8WI07_PROMP,EC:1.1.5.2/0.0029
tr|A8WI08|A8WI08_PROMP,EC:1.4.3.2/0.0026
tr|A8WI19|A8WI19_PROMP,EC:1.14.19.61/0.0000,EC:1.14.19.75/0.0000
tr|A8WI20|A8WI20_PROMP,EC:5.4.99.5/0.1517
tr|A8WI21|A8WI21_PROMP,EC:1.3.7.3/0.0000
tr|A8WI22|A8WI22_PROMP,EC:3.1.1.4/0.0342
tr|A8WI23|A8WI23_PROMP,EC:2.3.1.48/0.0009,EC:3.5.2.6/0.0008,EC:3.1.1.4/0.0007
tr|A8WI24|A8WI24_PROMP,EC:2.7.7.67/0.0005
tr|A8WI25|A8WI25_PROMP,EC:5.4.99.5/0.0257
tr|A8WI26|A8WI26_PROMP,EC:4.2.3.32/0.0009,EC:5.5.1.12/0.0008,EC:4.2.3.132/0.0006,EC:4.2.3.18/0.0006
tr|A8WI27|A8WI27_PROMP,EC:3.4.17.6/0.0004
tr|A8WI28|A8WI28_PROMP,EC:1.16.1.7/0.0113
tr|A8WI29|A8WI29_PROMP,EC:1.3.7.5/0.0016
tr|A8WI30|A8WI30_PROMP,EC:2.1.1.86/0.0000,EC:3.4.17.6/0.0000
tr|A8WI31|A8WI31_PROMP,EC:2.1.1.86/0.0002,EC:2.4.1.384/0.0002
tr|A8WI32|A8WI32_PROMP,EC:3.1.1.4/0.4932
tr|A8WI33|A8WI33_PROMP,EC:3.1.1.4/0.3052,EC:3.1.1.32/0.2410
tr|A8WI34|A8WI34_PROMP,EC:5.5.1.12/0.0080
tr|A8WI35|A8WI35_PROMP,EC:2.1.1.86/0.5338
tr|A8WI36|A8WI36_PROMP,EC:1.4.3.2/0.0280
tr|A8WI37|A8WI37_PROMP,EC:4.2.3.140/0.0005
tr|A8WI38|A8WI38_PROMP,EC:2.7.7.88/0.0004,EC:2.1.1.375/0.0004,EC:1.4.3.2/0.0004
tr|A8WI39|A8WI39_PROMP,EC:4.2.1.2/0.0004,EC:4.1.1.22/0.0003
tr|A8WI40|A8WI40_PROMP,EC:5.2.1.4/0.0015
tr|A8WI41|A8WI41_PROMP,EC:1.4.3.2/0.0247
tr|A8WI42|A8WI42_PROMP,EC:3.1.1.4/0.1003
tr|A8WI43|A8WI43_PROMP,EC:3.1.1.32/0.0007,EC:4.1.1.44/0.0007,EC:1.4.3.2/0.0006
tr|A8WI44|A8WI44_PROMP,EC:1.18.6.1/0.0053,EC:1.4.3.2/0.0035,EC:4.1.1.44/0.0029
tr|A8WI45|A8WI45_PROMP,EC:1.12.1.2/0.0009,EC:1.14.14.3/0.0006
tr|A8WI46|A8WI46_PROMP,EC:3.1.4.35/0.0014
tr|A8WI47|A8WI47_PROMP,EC:4.1.1.44/0.0224
tr|A8WI48|A8WI48_PROMP,EC:1.1.5.2/0.0002,EC:2.1.1.86/0.0002
tr|A8WI49|A8WI49_PROMP,EC:3.4.17.6/0.0004
tr|A8WI50|A8WI50_PROMP,EC:4.2.1.133/0.0025
tr|A8WI51|A8WI51_PROMP,EC:1.12.1.2/0.0236,EC:4.2.3.38/0.0140
tr|A8WI52|A8WI52_PROMP,EC:2.6.1.1/0.0108
tr|A8WI53|A8WI53_PROMP,EC:1.12.7.2/0.0007,EC:1.12.1.2/0.0005,EC:3.4.23.2/0.0005
tr|A8WI54|A8WI54_PROMP,EC:2.1.1.72/0.9869
tr|A8WI55|A8WI55_PROMP,EC:3.4.22.65/0.0020,EC:5.2.1.4/0.0013
tr|A8WI56|A8WI56_PROMP,EC:3.2.2.22/0.0455
tr|A8WI57|A8WI57_PROMP,EC:3.1.1.4/0.0136
tr|A8WI58|A8WI58_PROMP,EC:3.1.21.8/0.0000
tr|A8WI63|A8WI63_PROMP,EC:4.2.3.29/0.0000,EC:4.2.3.99/0.0000
tr|A8WI64|A8WI64_PROMP,EC:4.2.3.38/0.0077,EC:3.4.23.2/0.0054,EC:1.4.3.2/0.0050
tr|A8WI65|A8WI65_PROMP,EC:2.6.1.1/0.0002
tr|A8WI66|A8WI66_PROMP,EC:3.1.1.4/0.0069
tr|A8WI67|A8WI67_PROMP,EC:3.2.2.6/0.0055
tr|A8WI69|A8WI69_PROMP,EC:1.12.1.2/0.0119
tr|A8WI72|A8WI72_PROMP,EC:1.4.3.2/0.0273
tr|A8WI73|A8WI73_PROMP,EC:2.7.7.48/0.0011
tr|A8WI74|A8WI74_PROMP,EC:2.4.2.47/0.0018,EC:2.6.1.45/0.0012
tr|A8WI75|A8WI75_PROMP,EC:2.1.1.86/0.0121
tr|A8WI76|A8WI76_PROMP,EC:1.4.3.2/0.0130
tr|A8WI77|A8WI77_PROMP,EC:2.1.1.86/0.0560
tr|A8WI78|A8WI78_PROMP,EC:2.1.1.86/0.0025
tr|A8WI79|A8WI79_PROMP,EC:3.4.23.4/0.0029,EC:4.1.1.22/0.0023,EC:3.4.23.1/0.0021
tr|A8WI80|A8WI80_PROMP,EC:2.1.1.86/0.0137
tr|A8WI81|A8WI81_PROMP,EC:5.4.99.5/0.0071
tr|A8WI82|A8WI82_PROMP,EC:1.11.1.26/0.0004,EC:3.4.22.65/0.0004
tr|A8WI83|A8WI83_PROMP,EC:2.2.1.2/0.0005
tr|A8WI84|A8WI84_PROMP,EC:2.5.1.151/0.0022,EC:1.16.1.6/0.0022
tr|A8WI85|A8WI85_PROMP,EC:5.4.99.5/0.0019
tr|A8WI86|A8WI86_PROMP,EC:1.23.5.1/0.0007
tr|A8WI87|A8WI87_PROMP,EC:2.6.1.1/0.0010
tr|A8WI88|A8WI88_PROMP,EC:7.1.1.7/0.0019
tr|A8WI89|A8WI89_PROMP,EC:5.4.99.5/0.0087
tr|A8WI90|A8WI90_PROMP,EC:3.4.22.28/0.0002
tr|A8WI91|A8WI91_PROMP,EC:2.1.1.86/0.0046
tr|A8WI92|A8WI92_PROMP,EC:2.1.1.86/0.0019
tr|A8WI93|A8WI93_PROMP,EC:5.4.99.5/0.0029
tr|A8WI94|A8WI94_PROMP,EC:1.3.7.3/0.0169
tr|A8WI95|A8WI95_PROMP,EC:2.1.1.86/0.0792
tr|A8WI96|A8WI96_PROMP,EC:2.5.1.18/0.0003,EC:2.1.1.86/0.0002
tr|A8WI98|A8WI98_PROMP,EC:3.1.1.4/0.0005
tr|A8WI99|A8WI99_PROMP,EC:5.4.99.5/0.0016
tr|A8WIA0|A8WIA0_PROMP,EC:5.4.99.5/0.1071
tr|A8WIA1|A8WIA1_PROMP,EC:3.2.1.4/0.0006
tr|A8WIA2|A8WIA2_PROMP,EC:5.4.99.5/0.0277
tr|A8WIA3|A8WIA3_PROMP,EC:5.4.99.5/0.0375
tr|A8WIA4|A8WIA4_PROMP,EC:5.4.99.5/0.0003
tr|A8WIA5|A8WIA5_PROMP,EC:1.3.7.5/0.0131
tr|A8WIA6|A8WIA6_PROMP,EC:5.4.99.5/0.0215
tr|A8WIA7|A8WIA7_PROMP,EC:3.1.1.74/0.0036
tr|A8WIA8|A8WIA8_PROMP,EC:5.3.99.2/0.0007
tr|A8WIA9|A8WIA9_PROMP,EC:2.3.1.263/0.0000
tr|A8WIB0|A8WIB0_PROMP,EC:2.1.1.86/0.1267
tr|A8WIB1|A8WIB1_PROMP,EC:3.1.1.4/0.0028
tr|A8WIB2|A8WIB2_PROMP,EC:2.5.1.18/0.0073
tr|A8WIB3|A8WIB3_PROMP,EC:3.9.1.3/0.0070
tr|A8WIB4|A8WIB4_PROMP,EC:2.6.1.1/0.0007,EC:3.4.22.65/0.0007,EC:3.1.1.14/0.0006
tr|A8WIB5|A8WIB5_PROMP,EC:1.14.13.39/0.0002,EC:4.2.3.47/0.0002
tr|A8WIB6|A8WIB6_PROMP,EC:1.12.1.2/0.0004,EC:4.2.1.2/0.0003
tr|A8WIB7|A8WIB7_PROMP,EC:3.4.23.2/0.0427,EC:4.2.3.38/0.0290
tr|A8WIB8|A8WIB8_PROMP,EC:2.1.1.86/0.0038
tr|A8WIB9|A8WIB9_PROMP,EC:2.1.1.86/0.0519
tr|A8WIC0|A8WIC0_PROMP,EC:1.4.3.2/0.0258
tr|A8WIC1|A8WIC1_PROMP,EC:2.1.1.86/0.0089
tr|A8WIC2|A8WIC2_PROMP,EC:2.3.1.51/0.0001,EC:3.7.1.14/0.0001
tr|A8WIC3|A8WIC3_PROMP,EC:4.2.1.2/0.0035
tr|A8WIC4|A8WIC4_PROMP,EC:1.3.7.5/0.0015
tr|A8WIC5|A8WIC5_PROMP,EC:1.1.5.2/0.0004
tr|A8WIC6|A8WIC6_PROMP,EC:3.1.1.32/0.0657
tr|A8WIC7|A8WIC7_PROMP,EC:2.1.1.86/0.1674
tr|A8WIC8|A8WIC8_PROMP,EC:2.1.1.86/0.0002
tr|A8WIC9|A8WIC9_PROMP,EC:2.1.1.86/0.0026
tr|A8WID0|A8WID0_PROMP,EC:4.1.1.44/0.0005,EC:5.4.99.5/0.0004,EC:2.5.1.3/0.0003
tr|A8WID1|A8WID1_PROMP,EC:2.5.1.83/0.0140
tr|A8WID2|A8WID2_PROMP,EC:3.1.1.4/0.0051
tr|A8WID3|A8WID3_PROMP,EC:3.1.1.32/0.0117
tr|A8WID4|A8WID4_PROMP,EC:5.4.99.5/0.0384,EC:2.7.13.3/0.0345
tr|A8WID6|A8WID6_PROMP,EC:2.1.1.86/0.0245
tr|A8WID7|A8WID7_PROMP,EC:2.1.1.86/0.0201
tr|A8WID8|A8WID8_PROMP,EC:2.7.7.6/0.0001
tr|A8WID9|A8WID9_PROMP,EC:1.3.7.6/0.0001,EC:3.1.1.4/0.0001,EC:3.4.24.50/0.0000
tr|A8WIE0|A8WIE0_PROMP,EC:3.5.2.6/0.0071
tr|A8WIE1|A8WIE1_PROMP,EC:2.5.1.18/0.0001,EC:2.1.1.86/0.0001
tr|A8WIE2|A8WIE2_PROMP,EC:2.6.1.1/0.0005,EC:2.1.1.86/0.0004
tr|A8WIE3|A8WIE3_PROMP,EC:3.1.1.4/0.1295
tr|A8WIE4|A8WIE4_PROMP,EC:2.1.1.86/0.1871
tr|A8WIE5|A8WIE5_PROMP,EC:4.2.1.2/0.0422
tr|A8WIE6|A8WIE6_PROMP,EC:3.4.24.50/0.6629,EC:3.1.1.4/0.6476
tr|A8WIE7|A8WIE7_PROMP,EC:1.3.7.5/0.0024
tr|A8WIE8|A8WIE8_PROMP,EC:2.1.3.1/0.0025
tr|A8WIE9|A8WIE9_PROMP,EC:2.1.1.86/0.0146
tr|A8WIF0|A8WIF0_PROMP,EC:2.1.1.86/0.0036
tr|A8WIF1|A8WIF1_PROMP,EC:1.4.3.2/0.0050
tr|A8WIF2|A8WIF2_PROMP,EC:2.3.2.27/0.0006,EC:2.1.1.86/0.0005,EC:7.2.1.1/0.0004
tr|A8WIF3|A8WIF3_PROMP,EC:2.1.1.318/0.0002
tr|A8WIF4|A8WIF4_PROMP,EC:4.2.1.28/0.0002,EC:2.7.7.6/0.0002
tr|A8WIF5|A8WIF5_PROMP,EC:3.2.2.6/0.0074
tr|A8WIF6|A8WIF6_PROMP,EC:2.4.1.384/0.0002
tr|A8WIF7|A8WIF7_PROMP,EC:2.1.1.86/0.0041
tr|A8WIF8|A8WIF8_PROMP,EC:3.4.23.2/0.0087
tr|A8WIF9|A8WIF9_PROMP,EC:1.4.3.2/0.0003
tr|A8WIG0|A8WIG0_PROMP,EC:2.1.1.86/0.0001,EC:1.2.1.82/0.0001,EC:4.1.2.11/0.0001
tr|A8WIG1|A8WIG1_PROMP,EC:2.1.1.86/0.0068
tr|A8WIG2|A8WIG2_PROMP,EC:5.4.99.5/0.1102
tr|A8WIG3|A8WIG3_PROMP,EC:3.1.1.32/0.0135
tr|A8WIG4|A8WIG4_PROMP,EC:5.4.99.5/0.0030
tr|A8WIG5|A8WIG5_PROMP,EC:3.1.1.32/0.0254
tr|A8WIG6|A8WIG6_PROMP,EC:1.4.3.2/0.2918
tr|A8WIG7|A8WIG7_PROMP,EC:2.3.1.263/0.0000,EC:4.7.1.1/0.0000
tr|A8WIG8|A8WIG8_PROMP,EC:3.1.1.32/0.0009
tr|A8WIG9|A8WIG9_PROMP,EC:1.4.3.2/0.1797
tr|A8WIH0|A8WIH0_PROMP,EC:3.1.1.4/0.0992
tr|A8WIH1|A8WIH1_PROMP,EC:1.14.13.25/0.0001
tr|A8WIH2|A8WIH2_PROMP,EC:1.12.1.2/0.0129
tr|A8WIH3|A8WIH3_PROMP,EC:1.16.1.7/0.0101,EC:1.4.3.2/0.0091
tr|A8WIH4|A8WIH4_PROMP,EC:5.3.99.2/0.0002
tr|A8WIH5|A8WIH5_PROMP,EC:3.1.1.4/0.0052
tr|A8WIH6|A8WIH6_PROMP,EC:5.4.99.5/0.0212
tr|A8WIH7|A8WIH7_PROMP,EC:2.1.1.86/0.0001
tr|A8WIH8|A8WIH8_PROMP,EC:5.4.99.5/0.0133
tr|A8WIH9|A8WIH9_PROMP,EC:2.1.1.86/0.0013
tr|A8WII0|A8WII0_PROMP,EC:3.1.21.10/0.0006
tr|A8WII1|A8WII1_PROMP,EC:4.1.1.44/0.2098
tr|A8WII2|A8WII2_PROMP,EC:2.1.1.86/0.0010
tr|A8WII3|A8WII3_PROMP,EC:4.2.1.2/0.0019
tr|A8WII4|A8WII4_PROMP,EC:2.8.4.1/0.0096,EC:1.1.2.7/0.0068,EC:1.4.3.2/0.0043,EC:2.1.1.86/0.0034
tr|A8WII5|A8WII5_PROMP,EC:1.3.7.2/0.0045
tr|A8WII6|A8WII6_PROMP,EC:3.2.1.2/0.0011,EC:1.14.13.25/0.0007,EC:4.1.1.44/0.0006,EC:5.3.1.1/0.0004
tr|A8WII7|A8WII7_PROMP,EC:1.4.3.2/0.0362
tr|A8WII8|A8WII8_PROMP,EC:5.2.1.4/0.0040
tr|A8WII9|A8WII9_PROMP,EC:7.1.1.3/0.0482
tr|A8WIJ0|A8WIJ0_PROMP,EC:3.2.1.4/0.0014
tr|A8WIJ1|A8WIJ1_PROMP,EC:2.1.1.86/0.0000
tr|A8WIJ2|A8WIJ2_PROMP,EC:2.1.1.86/0.0054
tr|A8WIJ3|A8WIJ3_PROMP,EC:1.11.1.7/0.0034
tr|A8WIJ4|A8WIJ4_PROMP,EC:4.1.1.44/0.0010,EC:1.4.3.2/0.0007
tr|A8WIJ5|A8WIJ5_PROMP,EC:2.1.1.86/0.0008,EC:3.2.2.6/0.0005
tr|A8WIJ6|A8WIJ6_PROMP,EC:1.3.7.5/0.0088
tr|A8WIJ7|A8WIJ7_PROMP,EC:3.1.1.4/0.0274
tr|A8WIJ8|A8WIJ8_PROMP,EC:4.2.1.2/0.0002
tr|A8WIJ9|A8WIJ9_PROMP,EC:2.2.1.2/0.0005,EC:3.2.1.4/0.0005
tr|A8WIK0|A8WIK0_PROMP,EC:3.1.1.4/0.0046
tr|A8WIK1|A8WIK1_PROMP,EC:2.1.1.86/0.0008
tr|A8WIK2|A8WIK2_PROMP,EC:3.5.2.6/0.0028
tr|A8WIK3|A8WIK3_PROMP,EC:3.1.1.32/0.0023,EC:5.2.1.4/0.0018
tr|A8WIK4|A8WIK4_PROMP,EC:2.5.1.83/0.0094
tr|A8WIK5|A8WIK5_PROMP,EC:3.1.1.4/0.0055,EC:2.6.1.1/0.0053
tr|A8WIK6|A8WIK6_PROMP,EC:6.4.1.6/0.0001
tr|A8WIK7|A8WIK7_PROMP,EC:1.12.1.2/0.0045
tr|A8WIK8|A8WIK8_PROMP,EC:1.4.3.2/0.0007
tr|A8WIK9|A8WIK9_PROMP,EC:3.4.23.2/0.0003,EC:1.12.1.2/0.0003
tr|A8WIL0|A8WIL0_PROMP,EC:1.11.1.7/0.0011,EC:2.6.1.45/0.0009,EC:1.14.14.1/0.0007
tr|A8WIL1|A8WIL1_PROMP,EC:1.12.1.2/0.0330
tr|A8WIL2|A8WIL2_PROMP,EC:1.12.1.2/0.0048,EC:1.4.3.2/0.0044
tr|A8WIL3|A8WIL3_PROMP,EC:3.4.24.50/0.0983,EC:3.1.1.4/0.0796
tr|A8WIL4|A8WIL4_PROMP,EC:2.1.1.86/0.0864
tr|A8WIL5|A8WIL5_PROMP,EC:1.4.3.2/0.0048
tr|A8WIL6|A8WIL6_PROMP,EC:1.4.3.2/0.0052
tr|A8WIL7|A8WIL7_PROMP,EC:2.1.1.86/0.0360
tr|A8WIL8|A8WIL8_PROMP,EC:5.5.1.12/0.0018,EC:1.12.1.2/0.0015,EC:4.2.3.38/0.0012
tr|A8WIL9|A8WIL9_PROMP,EC:2.1.1.86/0.0036
tr|A8WIM1|A8WIM1_PROMP,EC:1.4.3.2/0.0004,EC:1.12.1.2/0.0003
tr|A8WIM2|A8WIM2_PROMP,EC:3.4.16.6/0.0006
tr|A8WIM3|A8WIM3_PROMP,EC:1.3.7.5/0.0415
tr|A8WIM4|A8WIM4_PROMP,EC:3.1.1.5/0.0004
tr|A8WIM5|A8WIM5_PROMP,EC:1.12.1.2/0.0025,EC:4.1.1.44/0.0020
tr|A8WIM6|A8WIM6_PROMP,EC:5.4.99.5/0.0005
tr|A8WIM7|A8WIM7_PROMP,EC:4.1.1.63/0.0014
tr|A8WIM8|A8WIM8_PROMP,EC:2.1.1.86/0.3329
tr|A8WIM9|A8WIM9_PROMP,EC:1.4.3.2/0.8381
tr|A8WIN0|A8WIN0_PROMP,EC:4.2.3.38/0.0032
tr|A8WIN1|A8WIN1_PROMP,EC:3.1.1.74/0.0024
tr|A8WIN2|A8WIN2_PROMP,EC:3.5.1.76/0.0066
tr|A8WIN3|A8WIN3_PROMP,EC:2.1.1.86/0.0096
tr|A8WIN4|A8WIN4_PROMP,EC:2.7.11.1/0.0382
tr|A8WIN5|A8WIN5_PROMP,EC:2.1.1.86/0.0014
tr|B9ER26|B9ER26_PROMP,EC:4.1.2.10/0.0002
tr|B9ER27|B9ER27_PROMP,EC:3.1.1.4/0.0113
tr|B9ER28|B9ER28_PROMP,EC:2.1.1.86/0.0994
tr|B9ER29|B9ER29_PROMP,EC:3.1.1.4/0.1745
tr|B9ER30|B9ER30_PROMP,EC:3.1.1.4/0.0016,EC:2.1.1.86/0.0012
tr|B9ER31|B9ER31_PROMP,EC:3.1.1.4/0.2513
tr|B9ER32|B9ER32_PROMP,EC:3.4.24.50/0.0176
tr|B9ER33|B9ER33_PROMP,EC:3.1.1.4/0.0035,EC:1.4.3.2/0.0032
tr|B9ER34|B9ER34_PROMP,EC:2.7.1.199/0.0010
tr|B9ER35|B9ER35_PROMP,EC:3.5.1.76/0.0001,EC:1.12.1.2/0.0001
tr|B9ER36|B9ER36_PROMP,EC:1.14.13.244/0.0021,EC:1.12.1.2/0.0018
tr|B9ER37|B9ER37_PROMP,EC:2.6.1.1/0.0005,EC:3.1.1.4/0.0005
tr|B9ER38|B9ER38_PROMP,EC:1.16.1.7/0.0048
tr|B9ER39|B9ER39_PROMP,EC:3.1.1.4/0.0157
tr|B9ER40|B9ER40_PROMP,EC:1.11.1.27/0.0002
tr|B9ER41|B9ER41_PROMP,EC:3.1.1.4/0.1906
tr|B9ER43|B9ER43_PROMP,EC:3.1.1.4/0.1277
tr|B9ER44|B9ER44_PROMP,EC:3.1.1.4/0.0029,EC:2.1.1.86/0.0025
tr|B9ER45|B9ER45_PROMP,EC:2.1.1.86/0.0042
tr|B9ER46|B9ER46_PROMP,EC:1.4.3.2/0.0130,EC:3.1.1.4/0.0128
tr|B9ER47|B9ER47_PROMP,EC:1.4.3.2/0.0709
tr|B9ER48|B9ER48_PROMP,EC:2.7.7.6/0.0021
sp|P59920|Y439_PROMP,EC:2.4.2.21/0.0501
tr|Q7TTH5|Q7TTH5_PROMP,EC:1.1.99.22/0.0009,EC:7.1.1.9/0.0008
tr|Q7TTI0|Q7TTI0_PROMP,EC:2.1.1.86/0.0034
tr|Q7TTK4|Q7TTK4_PROMP,EC:3.1.1.4/0.0023
tr|Q7TTL5|Q7TTL5_PROMP,EC:2.1.1.86/0.0004
tr|Q7TTL7|Q7TTL7_PROMP,EC:1.20.9.1/0.0005
tr|Q7TTQ2|Q7TTQ2_PROMP,EC:3.2.2.22/0.0099
tr|Q7TTQ3|Q7TTQ3_PROMP,EC:4.1.2.10/0.0017,EC:3.1.1.74/0.0012,EC:3.1.4.35/0.0009
tr|Q7TTQ4|Q7TTQ4_PROMP,EC:2.6.1.1/0.0562
tr|Q7TU22|Q7TU22_PROMP,EC:5.4.99.60/0.9946
tr|Q7TU26|Q7TU26_PROMP,EC:3.4.21.97/0.0058
tr|Q7TU33|Q7TU33_PROMP,EC:3.7.1.12/0.2536
tr|Q7TU34|Q7TU34_PROMP,EC:2.7.13.3/0.0065
tr|Q7TU36|Q7TU36_PROMP,EC:3.1.26.12/0.9928
tr|Q7TU37|Q7TU37_PROMP,EC:3.4.21.107/0.9011
tr|Q7TU41|Q7TU41_PROMP,EC:2.1.1.226/0.7848,EC:2.1.1.227/0.7848
tr|Q7TU45|Q7TU45_PROMP,EC:2.1.1.86/0.0125
tr|Q7TU46|Q7TU46_PROMP,EC:7.2.1.3/0.0005
tr|Q7TU47|Q7TU47_PROMP,EC:3.2.2.22/0.0125
tr|Q7TU48|Q7TU48_PROMP,EC:5.4.99.5/0.0166
tr|Q7TU49|Q7TU49_PROMP,EC:5.3.1.32/0.0014
tr|Q7TU50|Q7TU50_PROMP,EC:4.4.1.3/0.0000
tr|Q7TU51|Q7TU51_PROMP,EC:1.3.7.5/0.0016
tr|Q7TU52|Q7TU52_PROMP,EC:3.2.2.5/0.0006
tr|Q7TU53|Q7TU53_PROMP,EC:4.2.1.2/0.0173
tr|Q7TU54|Q7TU54_PROMP,EC:1.14.11.56/0.0006
tr|Q7TU55|Q7TU55_PROMP,EC:1.3.7.5/0.0030
tr|Q7TU57|Q7TU57_PROMP,EC:3.4.17.13/0.0000
tr|Q7TU58|Q7TU58_PROMP,EC:2.1.1.86/0.0008
tr|Q7TU63|Q7TU63_PROMP,EC:2.1.1.230/0.2321,EC:2.1.1.185/0.2245
tr|Q7TU68|Q7TU68_PROMP,EC:1.3.7.5/0.0008,EC:4.2.1.2/0.0006
tr|Q7TU69|Q7TU69_PROMP,EC:1.3.7.5/0.0000,EC:2.7.1.43/0.0000
tr|Q7TU70|Q7TU70_PROMP,EC:3.1.21.4/0.0395
tr|Q7TU71|Q7TU71_PROMP,EC:2.5.1.151/0.0001,EC:1.16.1.6/0.0001
tr|Q7TU72|Q7TU72_PROMP,EC:2.1.1.86/0.0005
tr|Q7TU73|Q7TU73_PROMP,EC:2.1.1.86/0.0504
tr|Q7TU74|Q7TU74_PROMP,EC:3.1.1.4/0.1638,EC:3.2.1.4/0.1351
tr|Q7TU76|Q7TU76_PROMP,EC:2.4.1.153/0.0002
tr|Q7TU78|Q7TU78_PROMP,EC:2.7.13.3/0.1271
tr|Q7TU79|Q7TU79_PROMP,EC:1.3.7.15/0.0001
tr|Q7TU80|Q7TU80_PROMP,EC:6.3.5.11/0.7876,EC:6.3.5.9/0.5239,EC:6.3.5.12/0.2993
tr|Q7TU83|Q7TU83_PROMP,EC:2.5.1.83/0.0249,EC:1.3.7.5/0.0230
tr|Q7TU84|Q7TU84_PROMP,EC:7.5.2.4/0.0000
tr|Q7TU85|Q7TU85_PROMP,EC:1.3.7.2/0.0032
tr|Q7TU86|Q7TU86_PROMP,EC:2.1.1.86/0.1610
tr|Q7TU87|Q7TU87_PROMP,EC:4.4.1.19/0.0000
tr|Q7TU89|Q7TU89_PROMP,EC:2.4.2.22/0.1637
tr|Q7TU91|Q7TU91_PROMP,EC:3.6.4.12/0.0359
tr|Q7TU93|Q7TU93_PROMP,EC:2.4.2.31/0.0207
tr|Q7TU95|Q7TU95_PROMP,EC:1.11.1.24/0.4746
tr|Q7TU98|Q7TU98_PROMP,EC:3.2.1.18/0.0024,EC:3.1.1.4/0.0018
tr|Q7TUA1|Q7TUA1_PROMP,EC:3.1.1.74/0.0003
tr|Q7TUA2|Q7TUA2_PROMP,EC:1.4.3.2/0.0331,EC:1.12.1.2/0.0192
tr|Q7TUA4|Q7TUA4_PROMP,EC:2.1.1.86/0.0004
tr|Q7TUA5|Q7TUA5_PROMP,EC:5.5.1.12/0.0001
tr|Q7TUA6|Q7TUA6_PROMP,EC:2.7.13.3/0.0011
tr|Q7TUA8|Q7TUA8_PROMP,EC:1.3.7.5/0.1450
tr|Q7TUB0|Q7TUB0_PROMP,EC:1.3.7.5/0.0002,EC:3.6.1.12/0.0001
tr|Q7TUB1|Q7TUB1_PROMP,EC:2.7.7.6/0.0031
tr|Q7TUB2|Q7TUB2_PROMP,EC:3.6.4.12/0.0011
tr|Q7TUB3|Q7TUB3_PROMP,EC:1.1.1.9/0.0016,EC:6.6.1.1/0.0013,EC:6.6.1.2/0.0009
tr|Q7TUB4|Q7TUB4_PROMP,EC:3.6.1.12/0.0022
tr|Q7TUB5|Q7TUB5_PROMP,EC:2.7.7.48/0.0035,EC:3.5.1.44/0.0025
tr|Q7TUB6|Q7TUB6_PROMP,EC:2.7.13.3/0.0010
tr|Q7TUB7|Q7TUB7_PROMP,EC:5.3.4.1/0.0039
tr|Q7TUB8|Q7TUB8_PROMP,EC:2.1.1.86/0.0268
tr|Q7TUB9|Q7TUB9_PROMP,EC:3.2.1.n1/0.0000
tr|Q7TUC0|Q7TUC0_PROMP,EC:2.1.1.318/0.0040
tr|Q7TUC1|Q7TUC1_PROMP,EC:1.4.3.2/0.0016
tr|Q7TUC9|Q7TUC9_PROMP,EC:3.1.21.4/0.0028
tr|Q7TUD2|Q7TUD2_PROMP,EC:2.1.1.271/0.8574,EC:2.1.1.133/0.6327
tr|Q7TUD3|Q7TUD3_PROMP,EC:2.5.1.9/0.9828
tr|Q7TUD4|Q7TUD4_PROMP,EC:6.3.4.15/0.9914
tr|Q7TUD7|Q7TUD7_PROMP,EC:4.4.1.13/0.9705,EC:2.5.1.48/0.9561
tr|Q7TUD9|Q7TUD9_PROMP,EC:2.4.1.283/0.0239
tr|Q7TUE1|Q7TUE1_PROMP,EC:2.1.1.86/0.0005
tr|Q7TUE2|Q7TUE2_PROMP,EC:1.3.7.3/0.1461
tr|Q7TUE3|Q7TUE3_PROMP,EC:2.1.1.148/0.0002
tr|Q7TUE4|Q7TUE4_PROMP,EC:4.2.1.154/0.0005,EC:5.3.1.32/0.0002,EC:5.3.3.4/0.0001
tr|Q7TUE5|Q7TUE5_PROMP,EC:4.4.1.19/0.0011
tr|Q7TUE7|Q7TUE7_PROMP,EC:3.1.21.9/0.0000
tr|Q7TUE8|Q7TUE8_PROMP,EC:2.5.1.83/0.0004,EC:4.2.1.2/0.0003
tr|Q7TUE9|Q7TUE9_PROMP,EC:5.4.99.5/0.4228
tr|Q7TUF0|Q7TUF0_PROMP,EC:2.1.1.86/0.5996
tr|Q7TUF1|Q7TUF1_PROMP,EC:2.1.1.86/0.0001
tr|Q7TUF2|Q7TUF2_PROMP,EC:3.4.21.105/0.4400
tr|Q7TUF6|Q7TUF6_PROMP,EC:3.2.2.5/0.0001
tr|Q7TUF7|Q7TUF7_PROMP,EC:2.7.7.72/0.7210
sp|Q7TUG2|CINAL_PROMP,EC:3.5.1.42/0.1665
tr|Q7TUG3|Q7TUG3_PROMP,EC:2.7.13.3/0.0016
tr|Q7TUG4|Q7TUG4_PROMP,EC:3.5.4.13/0.9981
tr|Q7TUG6|Q7TUG6_PROMP,EC:3.2.1.133/0.0000,EC:2.4.1.177/0.0000,EC:3.1.2.32/0.0000
tr|Q7TUG7|Q7TUG7_PROMP,EC:3.1.7.2/0.9924,EC:2.7.6.5/0.9901
tr|Q7TUH5|Q7TUH5_PROMP,EC:5.3.3.7/0.0001
tr|Q7TUH6|Q7TUH6_PROMP,EC:1.12.1.2/0.0005
tr|Q7TUH7|Q7TUH7_PROMP,EC:1.4.3.19/0.9227
tr|Q7TUH8|Q7TUH8_PROMP,EC:3.2.2.5/0.0010,EC:3.2.2.6/0.0009
tr|Q7U394|Q7U394_PROMP,EC:3.6.4.6/0.0038
tr|Q7U395|Q7U395_PROMP,EC:1.1.99.22/0.0129
tr|Q7U396|Q7U396_PROMP,EC:5.4.3.5/0.0290
tr|Q7U397|Q7U397_PROMP,EC:3.1.1.32/0.0175,EC:4.99.1.10/0.0155,EC:3.1.1.4/0.0130
tr|Q7U398|Q7U398_PROMP,EC:1.3.7.15/0.0005
tr|Q7UZF3|Q7UZF3_PROMP,EC:5.4.99.5/0.0014
tr|Q7UZF4|Q7UZF4_PROMP,EC:2.7.13.3/0.0004
tr|Q7UZF6|Q7UZF6_PROMP,EC:2.4.1.250/0.4908,EC:2.4.1.13/0.4343
tr|Q7UZF7|Q7UZF7_PROMP,EC:1.3.7.5/0.0014
tr|Q7UZF9|Q7UZF9_PROMP,EC:1.12.1.2/0.1081
tr|Q7UZG4|Q7UZG4_PROMP,EC:1.4.3.19/0.0029
tr|Q7UZG6|Q7UZG6_PROMP,EC:2.7.13.3/0.0006
tr|Q7UZG9|Q7UZG9_PROMP,EC:2.7.1.182/0.9317
tr|Q7UZH1|Q7UZH1_PROMP,EC:2.3.1.15/0.0028
tr|Q7UZH3|Q7UZH3_PROMP,EC:4.1.3.38/0.9726
tr|Q7UZH4|Q7UZH4_PROMP,EC:2.6.1.85/0.2749
tr|Q7UZH9|Q7UZH9_PROMP,EC:3.5.3.11/0.9086,EC:3.5.3.1/0.8917,EC:3.5.3.24/0.7636
tr|Q7UZI1|Q7UZI1_PROMP,EC:3.6.1.8/0.9020
tr|Q7UZI2|Q7UZI2_PROMP,EC:1.11.1.24/0.0009
tr|Q7UZI4|Q7UZI4_PROMP,EC:2.7.13.3/0.0047
tr|Q7UZI5|Q7UZI5_PROMP,EC:3.1.1.32/0.0001
tr|Q7UZI6|Q7UZI6_PROMP,EC:6.5.1.1/0.9924
tr|Q7UZI7|Q7UZI7_PROMP,EC:3.4.17.6/0.0002
tr|Q7UZI8|Q7UZI8_PROMP,EC:5.4.99.22/0.0002
tr|Q7UZI9|Q7UZI9_PROMP,EC:4.1.3.40/0.0104
tr|Q7UZJ2|Q7UZJ2_PROMP,EC:1.14.19.75/0.0000,EC:1.14.19.10/0.0000
tr|Q7UZJ3|Q7UZJ3_PROMP,EC:1.3.7.3/0.0358,EC:4.2.3.38/0.0314
tr|Q7UZJ4|Q7UZJ4_PROMP,EC:4.1.99.1/0.1400
tr|Q7UZJ6|Q7UZJ6_PROMP,EC:4.1.1.22/0.0015
tr|Q7UZJ7|Q7UZJ7_PROMP,EC:2.4.1.132/0.0008,EC:2.4.1.257/0.0008
tr|Q7UZJ8|Q7UZJ8_PROMP,EC:3.13.1.1/0.9825
tr|Q7UZK0|Q7UZK0_PROMP,EC:2.7.7.6/0.0018,EC:5.2.1.8/0.0016
tr|Q7UZK3|Q7UZK3_PROMP,EC:3.5.1.28/0.0000
tr|Q7UZK4|Q7UZK4_PROMP,EC:2.4.1.336/0.1316
tr|Q7UZL2|Q7UZL2_PROMP,EC:5.1.3.9/0.3674
tr|Q7UZL5|Q7UZL5_PROMP,EC:3.6.4.12/0.0310
tr|Q7UZL8|Q7UZL8_PROMP,EC:3.3.2.11/0.0006
tr|Q7UZL9|Q7UZL9_PROMP,EC:2.1.1.210/0.0000
tr|Q7UZM0|Q7UZM0_PROMP,EC:2.3.1.59/0.0002,EC:1.3.7.2/0.0002
tr|Q7UZM3|Q7UZM3_PROMP,EC:3.1.21.4/0.0044
tr|Q7UZM5|Q7UZM5_PROMP,EC:3.1.31.1/0.0000,EC:4.2.2.n1/0.0000
tr|Q7UZM9|Q7UZM9_PROMP,EC:3.6.4.12/0.0001
tr|Q7UZN0|Q7UZN0_PROMP,EC:3.3.2.10/0.0036
tr|Q7UZN1|Q7UZN1_PROMP,EC:2.7.1.45/0.0625
tr|Q7UZN2|Q7UZN2_PROMP,EC:1.13.12.7/0.0000
tr|Q7UZN4|Q7UZN4_PROMP,EC:3.6.1.27/0.0699
tr|Q7UZN5|Q7UZN5_PROMP,EC:3.1.1.29/0.0005
tr|Q7UZN7|Q7UZN7_PROMP,EC:3.4.21.102/0.0002
tr|Q7UZN8|Q7UZN8_PROMP,EC:3.2.2.26/0.0000
tr|Q7UZN9|Q7UZN9_PROMP,EC:2.7.13.3/0.0511
tr|Q7UZP1|Q7UZP1_PROMP,EC:1.14.13.25/0.0005
tr|Q7UZP4|Q7UZP4_PROMP,EC:2.3.1.269/0.0009
tr|Q7UZP5|Q7UZP5_PROMP,EC:3.5.1.32/0.0348,EC:3.5.1.47/0.0162,EC:3.5.1.134/0.0063
tr|Q7UZP6|Q7UZP6_PROMP,EC:2.1.1.86/0.0291
tr|Q7UZQ4|Q7UZQ4_PROMP,EC:1.18.1.2/0.0001
tr|Q7UZQ6|Q7UZQ6_PROMP,EC:1.12.1.2/0.0454
tr|Q7UZQ8|Q7UZQ8_PROMP,EC:3.1.4.59/0.0000
tr|Q7UZQ9|Q7UZQ9_PROMP,EC:2.3.1.51/0.0032
tr|Q7UZR0|Q7UZR0_PROMP,EC:5.1.3.15/0.8755
tr|Q7UZR1|Q7UZR1_PROMP,EC:2.7.1.219/0.0378
tr|Q7UZR3|Q7UZR3_PROMP,EC:1.3.7.12/0.4407
tr|Q7UZR4|Q7UZR4_PROMP,EC:1.14.14.18/0.8233
tr|Q7UZR5|Q7UZR5_PROMP,EC:3.1.3.48/0.3498
tr|Q7UZR8|Q7UZR8_PROMP,EC:2.1.1.113/0.0000,EC:1.12.1.2/0.0000
tr|Q7UZR9|Q7UZR9_PROMP,EC:2.7.1.216/0.0001
tr|Q7UZS0|Q7UZS0_PROMP,EC:4.2.1.2/0.0451
tr|Q7UZS1|Q7UZS1_PROMP,EC:3.1.11.1/0.0382
tr|Q7UZS2|Q7UZS2_PROMP,EC:2.1.1.86/0.0000
tr|Q7UZS6|Q7UZS6_PROMP,EC:2.7.13.3/0.6616
tr|Q7UZS8|Q7UZS8_PROMP,EC:4.1.3.27/0.9892
tr|Q7UZS9|Q7UZS9_PROMP,EC:6.3.2.2/0.7104
tr|Q7UZT1|Q7UZT1_PROMP,EC:2.3.1.48/0.0001,EC:1.3.7.12/0.0001
tr|Q7UZT4|Q7UZT4_PROMP,EC:4.4.1.37/0.0025
tr|Q7UZT5|Q7UZT5_PROMP,EC:2.7.7.62/0.0001
tr|Q7UZT6|Q7UZT6_PROMP,EC:2.7.7.80/0.6942,EC:2.8.1.11/0.5144
tr|Q7UZT7|Q7UZT7_PROMP,EC:2.5.1.18/0.0001
tr|Q7UZT8|Q7UZT8_PROMP,EC:2.7.1.172/0.6047
tr|Q7UZT9|Q7UZT9_PROMP,EC:1.3.99.27/0.0032
tr|Q7UZU0|Q7UZU0_PROMP,EC:1.3.1.12/0.8244
tr|Q7UZU1|Q7UZU1_PROMP,EC:3.1.21.4/0.0151,EC:3.6.4.12/0.0092
tr|Q7UZU2|Q7UZU2_PROMP,EC:2.1.1.86/0.0016
tr|Q7UZU4|Q7UZU4_PROMP,EC:3.1.3.3/0.0000
tr|Q7UZU5|Q7UZU5_PROMP,EC:4.1.2.43/0.0000,EC:4.4.1.19/0.0000
tr|Q7UZX2|Q7UZX2_PROMP,EC:1.5.99.14/0.0000
tr|Q7UZX3|Q7UZX3_PROMP,EC:3.1.3.18/0.0000
tr|Q7UZX4|Q7UZX4_PROMP,EC:2.4.2.53/0.8971
tr|Q7UZX7|Q7UZX7_PROMP,EC:3.4.14.13/0.0081
tr|Q7UZX8|Q7UZX8_PROMP,EC:3.4.11.19/0.0001
tr|Q7UZX9|Q7UZX9_PROMP,EC:1.12.1.2/0.0005
tr|Q7UZY0|Q7UZY0_PROMP,EC:3.1.21.4/0.0109,EC:3.6.4.12/0.0106
tr|Q7UZY2|Q7UZY2_PROMP,EC:4.4.1.26/0.0003
tr|Q7UZY9|Q7UZY9_PROMP,EC:3.4.23.43/0.0006
tr|Q7UZZ0|Q7UZZ0_PROMP,EC:2.1.1.95/0.0001
tr|Q7UZZ1|Q7UZZ1_PROMP,EC:3.3.2.10/0.0007
tr|Q7UZZ5|Q7UZZ5_PROMP,EC:1.21.98.3/0.1221
tr|Q7UZZ6|Q7UZZ6_PROMP,EC:2.4.1.153/0.0336
tr|Q7UZZ7|Q7UZZ7_PROMP,EC:2.4.2.43/0.0893
tr|Q7UZZ8|Q7UZZ8_PROMP,EC:2.1.1.86/0.0027
tr|Q7V000|Q7V000_PROMP,EC:3.6.4.12/0.0565
tr|Q7V009|Q7V009_PROMP,EC:2.6.1.45/0.0189
tr|Q7V011|Q7V011_PROMP,EC:4.2.3.54/0.0051,EC:4.2.3.102/0.0037,EC:4.2.3.94/0.0021
tr|Q7V012|Q7V012_PROMP,EC:3.2.2.22/0.0002
tr|Q7V013|Q7V013_PROMP,EC:2.1.1.148/0.0299
tr|Q7V014|Q7V014_PROMP,EC:1.12.1.2/0.0001
tr|Q7V015|Q7V015_PROMP,EC:4.2.3.130/0.0000
tr|Q7V017|Q7V017_PROMP,EC:3.6.4.12/0.0387
tr|Q7V018|Q7V018_PROMP,EC:1.3.7.5/0.0026
tr|Q7V020|Q7V020_PROMP,EC:2.1.1.197/0.8106
tr|Q7V021|Q7V021_PROMP,EC:2.3.2.28/0.1905
tr|Q7V022|Q7V022_PROMP,EC:2.3.1.47/0.9964
tr|Q7V023|Q7V023_PROMP,EC:3.6.4.12/0.0011,EC:3.6.4.13/0.0005
tr|Q7V025|Q7V025_PROMP,EC:2.7.7.6/0.0004
tr|Q7V026|Q7V026_PROMP,EC:4.99.1.10/0.0103
tr|Q7V029|Q7V029_PROMP,EC:1.8.1.8/0.0061
tr|Q7V030|Q7V030_PROMP,EC:2.4.1.129/0.7154
tr|Q7V031|Q7V031_PROMP,EC:7.2.4.2/0.0032
tr|Q7V039|Q7V039_PROMP,EC:1.97.1.2/0.0000,EC:4.1.1.83/0.0000,EC:1.12.1.3/0.0000
tr|Q7V040|Q7V040_PROMP,EC:4.1.1.22/0.0000,EC:3.4.11.18/0.0000,EC:1.3.7.5/0.0000
tr|Q7V041|Q7V041_PROMP,EC:2.3.2.22/0.0001
tr|Q7V044|Q7V044_PROMP,EC:2.7.13.3/0.0081
tr|Q7V045|Q7V045_PROMP,EC:2.7.13.3/0.0001
tr|Q7V046|Q7V046_PROMP,EC:3.4.11.9/0.2505
tr|Q7V047|Q7V047_PROMP,EC:4.1.1.44/0.0022
tr|Q7V053|Q7V053_PROMP,EC:2.7.1.23/0.0003
tr|Q7V055|Q7V055_PROMP,EC:1.3.7.5/0.0002
tr|Q7V056|Q7V056_PROMP,EC:4.2.1.2/0.0040
tr|Q7V057|Q7V057_PROMP,EC:3.2.2.21/0.0010
tr|Q7V058|Q7V058_PROMP,EC:4.1.99.11/0.8916
tr|Q7V059|Q7V059_PROMP,EC:2.1.1.148/0.0300
tr|Q7V060|Q7V060_PROMP,EC:3.4.21.107/0.0000
tr|Q7V061|Q7V061_PROMP,EC:3.2.2.22/0.0002,EC:3.6.1.9/0.0002
tr|Q7V062|Q7V062_PROMP,EC:1.8.1.8/0.0002
tr|Q7V063|Q7V063_PROMP,EC:2.8.1.1/0.0015,EC:1.20.4.1/0.0013
tr|Q7V064|Q7V064_PROMP,EC:1.4.3.2/0.0024
tr|Q7V065|Q7V065_PROMP,EC:3.1.31.1/0.0431
tr|Q7V066|Q7V066_PROMP,EC:3.2.1.39/0.3667
tr|Q7V067|Q7V067_PROMP,EC:3.1.1.101/0.0003
tr|Q7V068|Q7V068_PROMP,EC:1.13.11.49/0.0001
tr|Q7V069|Q7V069_PROMP,EC:5.3.1.32/0.0017
tr|Q7V070|Q7V070_PROMP,EC:5.3.3.19/0.0002,EC:1.13.11.50/0.0002
tr|Q7V071|Q7V071_PROMP,EC:4.2.3.38/0.0006
tr|Q7V072|Q7V072_PROMP,EC:4.2.3.59/0.0000
tr|Q7V073|Q7V073_PROMP,EC:1.1.2.7/0.0001
tr|Q7V074|Q7V074_PROMP,EC:3.4.24.7/0.0019
tr|Q7V075|Q7V075_PROMP,EC:2.1.1.86/0.0092
tr|Q7V076|Q7V076_PROMP,EC:2.1.1.86/0.0138
tr|Q7V077|Q7V077_PROMP,EC:3.1.21.4/0.0002,EC:3.1.26.3/0.0002
tr|Q7V078|Q7V078_PROMP,EC:2.1.1.86/0.0009,EC:5.1.1.13/0.0006
tr|Q7V079|Q7V079_PROMP,EC:5.3.1.32/0.0074
tr|Q7V080|Q7V080_PROMP,EC:3.4.17.6/0.0017,EC:4.4.1.20/0.0010
tr|Q7V081|Q7V081_PROMP,EC:2.5.1.151/0.0039,EC:1.16.1.6/0.0039,EC:2.3.1.263/0.0026
tr|Q7V082|Q7V082_PROMP,EC:2.1.1.86/0.2352
tr|Q7V083|Q7V083_PROMP,EC:4.1.1.50/0.0004
tr|Q7V084|Q7V084_PROMP,EC:3.1.4.35/0.0011,EC:2.1.1.86/0.0008
tr|Q7V085|Q7V085_PROMP,EC:2.7.1.199/0.0010
tr|Q7V086|Q7V086_PROMP,EC:2.1.1.86/0.0033
tr|Q7V087|Q7V087_PROMP,EC:2.1.1.33/0.0016
tr|Q7V088|Q7V088_PROMP,EC:1.14.19.6/0.0000
tr|Q7V090|Q7V090_PROMP,EC:3.1.3.22/0.0009,EC:3.1.3.23/0.0004
tr|Q7V091|Q7V091_PROMP,EC:3.2.2.4/0.0026
tr|Q7V092|Q7V092_PROMP,EC:4.2.3.101/0.0000,EC:1.14.19.61/0.0000
tr|Q7V093|Q7V093_PROMP,EC:1.1.1.283/0.0000,EC:2.4.1.111/0.0000,EC:2.4.1.126/0.0000,EC:1.1.1.170/0.0000,EC:1.3.1.77/0.0000
tr|Q7V094|Q7V094_PROMP,EC:2.3.2.27/0.0000
tr|Q7V095|Q7V095_PROMP,EC:2.1.1.86/0.0004
tr|Q7V096|Q7V096_PROMP,EC:3.1.1.3/0.0005
tr|Q7V097|Q7V097_PROMP,EC:2.4.2.2/0.2441
tr|Q7V098|Q7V098_PROMP,EC:2.7.13.3/0.0002
tr|Q7V099|Q7V099_PROMP,EC:1.3.1.114/0.0144
tr|Q7V0A0|Q7V0A0_PROMP,EC:2.7.1.39/0.0000
tr|Q7V0A1|Q7V0A1_PROMP,EC:1.16.1.7/0.0003
tr|Q7V0A2|Q7V0A2_PROMP,EC:3.2.2.29/0.0000
tr|Q7V0A3|Q7V0A3_PROMP,EC:1.13.11.24/0.9593
tr|Q7V0A4|Q7V0A4_PROMP,EC:4.2.1.2/0.0070,EC:4.3.1.3/0.0060
tr|Q7V0A6|Q7V0A6_PROMP,EC:1.4.3.2/0.0121,EC:4.99.1.10/0.0100
tr|Q7V0A7|Q7V0A7_PROMP,EC:4.2.3.38/0.1101
tr|Q7V0A8|Q7V0A8_PROMP,EC:1.3.1.33/0.0128
tr|Q7V0A9|Q7V0A9_PROMP,EC:4.1.99.3/0.0008
tr|Q7V0B0|Q7V0B0_PROMP,EC:1.8.5.2/0.0057
tr|Q7V0B1|Q7V0B1_PROMP,EC:1.10.3.16/0.0023
tr|Q7V0B2|Q7V0B2_PROMP,EC:2.1.1.71/0.0005
tr|Q7V0B3|Q7V0B3_PROMP,EC:3.6.4.12/0.0000
tr|Q7V0B4|Q7V0B4_PROMP,EC:1.2.1.22/0.0004
tr|Q7V0B6|Q7V0B6_PROMP,EC:1.2.99.6/0.0000
tr|Q7V0B7|Q7V0B7_PROMP,EC:3.4.22.1/0.0007
tr|Q7V0B8|Q7V0B8_PROMP,EC:1.11.1.7/0.0001
tr|Q7V0C0|Q7V0C0_PROMP,EC:2.1.1.324/0.0001
tr|Q7V0C8|Q7V0C8_PROMP,EC:3.4.21.102/0.0020
tr|Q7V0D1|Q7V0D1_PROMP,EC:2.3.1.129/0.9964
tr|Q7V0D5|Q7V0D5_PROMP,EC:3.1.21.8/0.6972
tr|Q7V0D6|Q7V0D6_PROMP,EC:1.1.1.60/0.0001
tr|Q7V0E0|Q7V0E0_PROMP,EC:2.4.1.33/0.0021
tr|Q7V0E1|Q7V0E1_PROMP,EC:1.8.5.2/0.0000
tr|Q7V0E2|Q7V0E2_PROMP,EC:3.4.25.1/0.0001
tr|Q7V0E3|Q7V0E3_PROMP,EC:2.4.1.356/0.0000
tr|Q7V0E4|Q7V0E4_PROMP,EC:3.2.1.68/0.1698,EC:3.2.1.141/0.0842,EC:3.2.1.142/0.0367
tr|Q7V0E5|Q7V0E5_PROMP,EC:3.4.21.88/0.0000
tr|Q7V0E6|Q7V0E6_PROMP,EC:1.4.3.2/0.0030,EC:5.3.4.1/0.0028
tr|Q7V0E7|Q7V0E7_PROMP,EC:1.4.9.1/0.0005
tr|Q7V0E8|Q7V0E8_PROMP,EC:2.5.1.18/0.0044
tr|Q7V0F3|Q7V0F3_PROMP,EC:3.1.26.5/0.0099,EC:2.7.7.6/0.0072
tr|Q7V0F4|Q7V0F4_PROMP,EC:6.3.4.19/0.0000
tr|Q7V0F5|Q7V0F5_PROMP,EC:4.2.3.66/0.0002
tr|Q7V0F8|Q7V0F8_PROMP,EC:3.5.4.42/0.0036,EC:3.5.4.11/0.0021
tr|Q7V0F9|Q7V0F9_PROMP,EC:1.1.5.12/0.0000
tr|Q7V0G3|Q7V0G3_PROMP,EC:4.99.1.10/0.0000
tr|Q7V0G4|Q7V0G4_PROMP,EC:3.4.21.89/0.0016
tr|Q7V0G5|Q7V0G5_PROMP,EC:2.1.1.148/0.2812
tr|Q7V0G6|Q7V0G6_PROMP,EC:5.2.1.8/0.3683
tr|Q7V0G9|Q7V0G9_PROMP,EC:3.6.4.12/0.0001
tr|Q7V0H1|Q7V0H1_PROMP,EC:2.7.13.3/0.0107
tr|Q7V0H3|Q7V0H3_PROMP,EC:2.3.1.61/0.0000
tr|Q7V0H4|Q7V0H4_PROMP,EC:1.1.99.22/0.0001
tr|Q7V0H5|Q7V0H5_PROMP,EC:1.3.7.5/0.0757
tr|Q7V0H8|Q7V0H8_PROMP,EC:4.1.2.10/0.0001
tr|Q7V0H9|Q7V0H9_PROMP,EC:2.5.1.143/0.0237
tr|Q7V0I0|Q7V0I0_PROMP,EC:2.1.1.148/0.0121
tr|Q7V0I1|Q7V0I1_PROMP,EC:4.2.3.38/0.1864
tr|Q7V0I2|Q7V0I2_PROMP,EC:7.3.2.5/0.0000
tr|Q7V0I5|Q7V0I5_PROMP,EC:5.3.3.7/0.0001
tr|Q7V0I9|Q7V0I9_PROMP,EC:2.1.1.289/0.6407
tr|Q7V0J0|Q7V0J0_PROMP,EC:2.7.13.3/0.0022,EC:1.3.7.5/0.0020,EC:5.4.99.5/0.0016,EC:2.3.1.48/0.0016
tr|Q7V0J1|Q7V0J1_PROMP,EC:5.2.1.8/0.0150
tr|Q7V0J7|Q7V0J7_PROMP,EC:2.6.1.98/0.5534
tr|Q7V0J8|Q7V0J8_PROMP,EC:2.6.1.104/0.2467
tr|Q7V0J9|Q7V0J9_PROMP,EC:1.1.1.281/0.0007,EC:1.1.1.364/0.0003
tr|Q7V0K0|Q7V0K0_PROMP,EC:2.7.1.182/0.0000
tr|Q7V0K1|Q7V0K1_PROMP,EC:2.4.1.335/0.0000
tr|Q7V0K2|Q7V0K2_PROMP,EC:2.4.1.153/0.0003
tr|Q7V0K3|Q7V0K3_PROMP,EC:2.4.1.27/0.0002
tr|Q7V0K4|Q7V0K4_PROMP,EC:3.4.24.58/0.0000
tr|Q7V0K5|Q7V0K5_PROMP,EC:2.1.3.12/0.0005
tr|Q7V0K6|Q7V0K6_PROMP,EC:7.2.1.1/0.0013
tr|Q7V0K7|Q7V0K7_PROMP,EC:2.7.8.20/0.0002
tr|Q7V0K8|Q7V0K8_PROMP,EC:2.3.1.273/0.0014
tr|Q7V0K9|Q7V0K9_PROMP,EC:2.3.1.273/0.0003
tr|Q7V0L0|Q7V0L0_PROMP,EC:2.1.3.12/0.0001
tr|Q7V0L1|Q7V0L1_PROMP,EC:7.2.1.1/0.0016
tr|Q7V0L2|Q7V0L2_PROMP,EC:7.1.1.9/0.0010,EC:7.1.1.3/0.0008,EC:7.1.1.8/0.0007
tr|Q7V0L3|Q7V0L3_PROMP,EC:2.1.1.20/0.0000
tr|Q7V0L4|Q7V0L4_PROMP,EC:1.14.18.11/0.0001
tr|Q7V0L5|Q7V0L5_PROMP,EC:2.1.1.294/0.0000,EC:2.7.1.181/0.0000
tr|Q7V0L6|Q7V0L6_PROMP,EC:2.1.1.265/0.0000
tr|Q7V0L7|Q7V0L7_PROMP,EC:7.5.2.5/0.9866
tr|Q7V0L8|Q7V0L8_PROMP,EC:2.7.1.95/0.0073
tr|Q7V0L9|Q7V0L9_PROMP,EC:3.1.3.74/0.0008
tr|Q7V0M0|Q7V0M0_PROMP,EC:2.2.1.13/0.0226
tr|Q7V0M1|Q7V0M1_PROMP,EC:2.2.1.13/0.2294
tr|Q7V0M2|Q7V0M2_PROMP,EC:1.1.1.1/0.0127
tr|Q7V0M4|Q7V0M4_PROMP,EC:2.4.1.285/0.0000
tr|Q7V0M5|Q7V0M5_PROMP,EC:1.13.11.73/0.0001,EC:1.13.11.19/0.0001,EC:1.3.7.5/0.0001,EC:4.2.1.108/0.0001
tr|Q7V0M6|Q7V0M6_PROMP,EC:4.1.1.79/0.0004
tr|Q7V0M7|Q7V0M7_PROMP,EC:1.2.4.1/0.0126
tr|Q7V0M8|Q7V0M8_PROMP,EC:2.4.2.49/0.0000
tr|Q7V0M9|Q7V0M9_PROMP,EC:2.7.8.13/0.6943
tr|Q7V0N0|Q7V0N0_PROMP,EC:2.3.2.27/0.0000
tr|Q7V0N1|Q7V0N1_PROMP,EC:2.7.13.3/0.0108
tr|Q7V0N2|Q7V0N2_PROMP,EC:2.7.13.3/0.0000
tr|Q7V0N3|Q7V0N3_PROMP,EC:2.4.1.56/0.0000
tr|Q7V0N4|Q7V0N4_PROMP,EC:2.4.1.212/0.0002
tr|Q7V0N5|Q7V0N5_PROMP,EC:2.4.1.292/0.0012
tr|Q7V0N6|Q7V0N6_PROMP,EC:2.4.2.40/0.0001
tr|Q7V0N7|Q7V0N7_PROMP,EC:3.13.1.1/0.0001,EC:4.2.1.47/0.0001,EC:1.1.1.271/0.0001
tr|Q7V0N9|Q7V0N9_PROMP,EC:5.3.1.28/0.0000
tr|Q7V0P0|Q7V0P0_PROMP,EC:2.7.7.71/0.1397
tr|Q7V0P1|Q7V0P1_PROMP,EC:1.1.5.13/0.0523,EC:1.1.99.2/0.0379
tr|Q7V0P3|Q7V0P3_PROMP,EC:2.4.1.290/0.0369
tr|Q7V0P4|Q7V0P4_PROMP,EC:2.4.2.49/0.0000
tr|Q7V0P5|Q7V0P5_PROMP,EC:2.7.13.3/0.0001
tr|Q7V0P6|Q7V0P6_PROMP,EC:5.1.3.6/0.7325
tr|Q7V0Q0|Q7V0Q0_PROMP,EC:2.4.1.293/0.0000
tr|Q7V0Q1|Q7V0Q1_PROMP,EC:4.2.1.164/0.2750
tr|Q7V0Q2|Q7V0Q2_PROMP,EC:2.7.7.33/0.9967
tr|Q7V0Q3|Q7V0Q3_PROMP,EC:4.2.1.45/0.0284
tr|Q7V0Q4|Q7V0Q4_PROMP,EC:1.1.1.344/0.0002
tr|Q7V0Q5|Q7V0Q5_PROMP,EC:5.1.3.10/0.4343
tr|Q7V0Q6|Q7V0Q6_PROMP,EC:2.4.2.53/0.0037
tr|Q7V0Q7|Q7V0Q7_PROMP,EC:5.1.3.34/0.0021
tr|Q7V0Q8|Q7V0Q8_PROMP,EC:2.4.1.293/0.0000
tr|Q7V0Q9|Q7V0Q9_PROMP,EC:2.4.2.47/0.0000
tr|Q7V0R1|Q7V0R1_PROMP,EC:3.1.26.5/0.0061
tr|Q7V0R2|Q7V0R2_PROMP,EC:2.3.1.n7/0.0000
tr|Q7V0R4|Q7V0R4_PROMP,EC:3.1.3.7/0.6206,EC:3.1.3.57/0.4276
tr|Q7V0R9|Q7V0R9_PROMP,EC:2.1.1.86/0.0044
tr|Q7V0S2|Q7V0S2_PROMP,EC:1.14.18.3/0.0001
tr|Q7V0S4|Q7V0S4_PROMP,EC:3.4.21.102/0.0185
tr|Q7V0S5|Q7V0S5_PROMP,EC:2.3.1.269/0.0000
tr|Q7V0S6|Q7V0S6_PROMP,EC:2.5.1.31/0.0000
tr|Q7V0S7|Q7V0S7_PROMP,EC:2.4.2.43/0.0028
tr|Q7V0S8|Q7V0S8_PROMP,EC:2.7.13.3/0.0000
tr|Q7V0S9|Q7V0S9_PROMP,EC:2.5.1.151/0.0016,EC:1.16.1.6/0.0016
tr|Q7V0T0|Q7V0T0_PROMP,EC:3.2.1.4/0.0000
tr|Q7V0T1|Q7V0T1_PROMP,EC:1.21.99.4/0.0014
tr|Q7V0T2|Q7V0T2_PROMP,EC:3.1.1.32/0.0001
tr|Q7V0T3|Q7V0T3_PROMP,EC:1.3.7.3/0.0053
tr|Q7V0T4|Q7V0T4_PROMP,EC:1.3.7.3/0.0022
tr|Q7V0T5|Q7V0T5_PROMP,EC:2.1.1.103/0.0000
tr|Q7V0T6|Q7V0T6_PROMP,EC:5.3.3.10/0.0000
tr|Q7V0T7|Q7V0T7_PROMP,EC:3.5.4.27/0.0036
tr|Q7V0T9|Q7V0T9_PROMP,EC:3.8.1.2/0.0000,EC:3.8.1.3/0.0000
tr|Q7V0U0|Q7V0U0_PROMP,EC:3.1.1.3/0.0331
tr|Q7V0U1|Q7V0U1_PROMP,EC:1.17.5.2/0.0000
tr|Q7V0U9|Q7V0U9_PROMP,EC:2.3.1.51/0.0023,EC:3.1.1.3/0.0019,EC:3.3.2.10/0.0018,EC:3.1.1.23/0.0015
tr|Q7V0V0|Q7V0V0_PROMP,EC:2.1.1.254/0.0000,EC:1.1.1.146/0.0000
tr|Q7V0V1|Q7V0V1_PROMP,EC:3.1.26.5/0.0168
tr|Q7V0V3|Q7V0V3_PROMP,EC:1.3.7.5/0.0328
tr|Q7V0V4|Q7V0V4_PROMP,EC:2.1.1.148/0.0372
tr|Q7V0V5|Q7V0V5_PROMP,EC:7.1.1.1/0.0032
tr|Q7V0V8|Q7V0V8_PROMP,EC:3.1.1.32/0.0009,EC:2.5.1.87/0.0009,EC:3.1.1.6/0.0008
tr|Q7V0V9|Q7V0V9_PROMP,EC:1.16.1.7/0.0001,EC:1.4.3.2/0.0001
tr|Q7V0W3|Q7V0W3_PROMP,EC:7.2.2.6/0.0000
tr|Q7V0W5|Q7V0W5_PROMP,EC:4.2.3.38/0.0000
tr|Q7V0W6|Q7V0W6_PROMP,EC:3.7.1.21/0.0003,EC:7.1.1.9/0.0003
tr|Q7V0W7|Q7V0W7_PROMP,EC:3.4.13.9/0.0000,EC:5.3.3.19/0.0000
tr|Q7V0W9|Q7V0W9_PROMP,EC:2.3.1.12/0.0005,EC:1.17.1.4/0.0004
tr|Q7V0X0|Q7V0X0_PROMP,EC:3.1.1.4/0.0014
tr|Q7V0X1|Q7V0X1_PROMP,EC:3.1.1.4/0.0055
tr|Q7V0X2|Q7V0X2_PROMP,EC:3.1.21.4/0.4223
tr|Q7V0X3|Q7V0X3_PROMP,EC:2.7.13.3/0.0000
tr|Q7V0X4|Q7V0X4_PROMP,EC:3.6.1.27/0.0001,EC:1.8.1.8/0.0000
tr|Q7V0X6|Q7V0X6_PROMP,EC:3.2.1.81/0.0063
tr|Q7V0X7|Q7V0X7_PROMP,EC:1.3.7.12/0.0005
tr|Q7V0X8|Q7V0X8_PROMP,EC:3.2.1.81/0.0021
tr|Q7V0Y0|Q7V0Y0_PROMP,EC:2.3.1.n4/0.0003
tr|Q7V0Y1|Q7V0Y1_PROMP,EC:2.7.13.3/0.1509
tr|Q7V0Y2|Q7V0Y2_PROMP,EC:2.5.1.83/0.0015
tr|Q7V0Y3|Q7V0Y3_PROMP,EC:1.11.1.9/0.0004
tr|Q7V0Y4|Q7V0Y4_PROMP,EC:2.7.6.5/0.0000
tr|Q7V0Y5|Q7V0Y5_PROMP,EC:2.1.1.86/0.0478
tr|Q7V0Y6|Q7V0Y6_PROMP,EC:2.3.1.n4/0.8028
tr|Q7V0Y8|Q7V0Y8_PROMP,EC:1.3.7.5/0.0581
tr|Q7V0Y9|Q7V0Y9_PROMP,EC:7.6.2.5/0.0006
tr|Q7V0Z0|Q7V0Z0_PROMP,EC:2.1.1.100/0.0073
tr|Q7V0Z2|Q7V0Z2_PROMP,EC:3.1.11.5/0.6339
tr|Q7V0Z3|Q7V0Z3_PROMP,EC:3.6.4.13/0.2296
tr|Q7V0Z4|Q7V0Z4_PROMP,EC:5.3.99.2/0.0001,EC:2.7.1.191/0.0001
tr|Q7V0Z5|Q7V0Z5_PROMP,EC:7.6.2.2/0.9313
tr|Q7V0Z6|Q7V0Z6_PROMP,EC:3.5.2.6/0.0033
tr|Q7V0Z9|Q7V0Z9_PROMP,EC:1.3.7.3/0.0000,EC:6.3.2.43/0.0000
tr|Q7V105|Q7V105_PROMP,EC:2.3.1.266/0.5086
tr|Q7V107|Q7V107_PROMP,EC:1.1.1.261/0.0420
tr|Q7V108|Q7V108_PROMP,EC:5.1.1.1/0.0016
tr|Q7V109|Q7V109_PROMP,EC:2.7.13.3/0.0219
tr|Q7V112|Q7V112_PROMP,EC:1.3.7.2/0.0000
tr|Q7V114|Q7V114_PROMP,EC:3.3.2.10/0.0054
tr|Q7V117|Q7V117_PROMP,EC:2.3.2.22/0.0002,EC:1.3.7.3/0.0002
tr|Q7V118|Q7V118_PROMP,EC:1.14.16.5/0.0015
tr|Q7V119|Q7V119_PROMP,EC:2.5.1.29/0.9963,EC:2.5.1.10/0.9958,EC:2.5.1.1/0.9947
tr|Q7V120|Q7V120_PROMP,EC:2.7.13.3/0.0490
tr|Q7V122|Q7V122_PROMP,EC:2.4.1.198/0.0000
tr|Q7V123|Q7V123_PROMP,EC:5.5.1.19/0.4578
tr|Q7V125|Q7V125_PROMP,EC:2.8.1.10/0.0010
tr|Q7V126|Q7V126_PROMP,EC:1.11.1.24/0.0074,EC:1.8.1.8/0.0038
tr|Q7V128|Q7V128_PROMP,EC:2.1.1.171/0.0979
tr|Q7V130|Q7V130_PROMP,EC:7.1.1.8/0.3092
tr|Q7V134|Q7V134_PROMP,EC:2.1.1.258/0.0001
tr|Q7V136|Q7V136_PROMP,EC:1.3.7.5/0.0002,EC:2.7.7.6/0.0002
tr|Q7V137|Q7V137_PROMP,EC:7.2.2.9/0.0000
tr|Q7V138|Q7V138_PROMP,EC:2.7.8.40/0.0000
tr|Q7V139|Q7V139_PROMP,EC:2.7.13.3/0.0243
tr|Q7V140|Q7V140_PROMP,EC:2.3.2.27/0.0005,EC:7.5.2.3/0.0004
tr|Q7V141|Q7V141_PROMP,EC:4.2.1.90/0.0000,EC:4.2.1.82/0.0000
tr|Q7V142|Q7V142_PROMP,EC:2.7.1.73/0.0005
tr|Q7V143|Q7V143_PROMP,EC:2.7.13.3/0.0065
tr|Q7V144|Q7V144_PROMP,EC:1.11.1.7/0.0023
tr|Q7V145|Q7V145_PROMP,EC:4.2.1.141/0.0000
tr|Q7V146|Q7V146_PROMP,EC:3.1.1.80/0.0000
tr|Q7V147|Q7V147_PROMP,EC:4.2.3.104/0.0003
tr|Q7V148|Q7V148_PROMP,EC:6.3.2.3/0.0083
tr|Q7V149|Q7V149_PROMP,EC:3.2.1.4/0.0031
tr|Q7V150|Q7V150_PROMP,EC:1.3.7.7/0.0037
tr|Q7V151|Q7V151_PROMP,EC:2.1.1.86/0.0032
tr|Q7V152|Q7V152_PROMP,EC:2.4.1.14/0.0000,EC:2.1.1.86/0.0000,EC:5.6.2.1/0.0000
tr|Q7V153|Q7V153_PROMP,EC:2.4.1.21/0.0000
tr|Q7V154|Q7V154_PROMP,EC:4.3.2.5/0.0005
tr|Q7V155|Q7V155_PROMP,EC:7.2.2.5/0.0461
tr|Q7V156|Q7V156_PROMP,EC:1.12.98.3/0.0003,EC:4.99.1.10/0.0002
tr|Q7V157|Q7V157_PROMP,EC:2.7.1.202/0.0000
tr|Q7V158|Q7V158_PROMP,EC:1.1.2.7/0.0003
tr|Q7V159|Q7V159_PROMP,EC:3.6.1.9/0.0021,EC:3.6.1.12/0.0016
tr|Q7V160|Q7V160_PROMP,EC:3.5.4.1/0.0000
tr|Q7V161|Q7V161_PROMP,EC:2.3.1.263/0.0019
tr|Q7V162|Q7V162_PROMP,EC:2.8.2.17/0.0001
tr|Q7V163|Q7V163_PROMP,EC:2.1.1.86/0.0000
tr|Q7V164|Q7V164_PROMP,EC:1.23.5.1/0.0063
tr|Q7V165|Q7V165_PROMP,EC:1.3.7.5/0.0009
tr|Q7V166|Q7V166_PROMP,EC:1.14.14.119/0.0000
tr|Q7V167|Q7V167_PROMP,EC:3.1.1.32/0.0024
tr|Q7V168|Q7V168_PROMP,EC:4.4.1.20/0.0989
tr|Q7V169|Q7V169_PROMP,EC:3.1.21.4/0.0343
tr|Q7V170|Q7V170_PROMP,EC:1.3.7.5/0.0042
tr|Q7V171|Q7V171_PROMP,EC:3.1.2.28/0.0053
tr|Q7V172|Q7V172_PROMP,EC:2.7.1.19/0.0038
tr|Q7V173|Q7V173_PROMP,EC:6.2.1.14/0.1327
tr|Q7V175|Q7V175_PROMP,EC:1.3.7.15/0.0005
tr|Q7V176|Q7V176_PROMP,EC:2.7.11.1/0.0000
tr|Q7V177|Q7V177_PROMP,EC:1.11.1.9/0.9631
tr|Q7V178|Q7V178_PROMP,EC:2.1.1.86/0.0010
tr|Q7V181|Q7V181_PROMP,EC:3.5.2.6/0.0000,EC:1.5.1.34/0.0000
tr|Q7V182|Q7V182_PROMP,EC:3.4.23.1/0.0014
tr|Q7V183|Q7V183_PROMP,EC:2.1.1.86/0.0018
tr|Q7V184|Q7V184_PROMP,EC:5.5.1.6/0.0000,EC:1.20.4.1/0.0000,EC:1.14.19.43/0.0000,EC:2.7.7.93/0.0000,EC:1.14.20.4/0.0000
tr|Q7V185|Q7V185_PROMP,EC:2.1.1.86/0.0040
tr|Q7V186|Q7V186_PROMP,EC:5.3.1.32/0.0003
tr|Q7V187|Q7V187_PROMP,EC:1.14.14.138/0.0001,EC:2.5.1.18/0.0001
tr|Q7V188|Q7V188_PROMP,EC:2.3.1.82/0.0007,EC:2.3.1.57/0.0006
tr|Q7V189|Q7V189_PROMP,EC:3.4.13.21/0.5404
tr|Q7V190|Q7V190_PROMP,EC:1.3.7.3/0.0015,EC:4.2.3.38/0.0012,EC:2.4.1.269/0.0010
tr|Q7V191|Q7V191_PROMP,EC:1.6.3.5/0.0004
tr|Q7V192|Q7V192_PROMP,EC:2.7.1.48/0.0226
tr|Q7V193|Q7V193_PROMP,EC:3.6.4.12/0.0008
tr|Q7V194|Q7V194_PROMP,EC:2.4.2.6/0.3907
tr|Q7V195|Q7V195_PROMP,EC:1.3.7.3/0.7284
tr|Q7V196|Q7V196_PROMP,EC:1.3.7.15/0.0001
tr|Q7V197|Q7V197_PROMP,EC:3.1.21.4/0.0038
tr|Q7V198|Q7V198_PROMP,EC:1.3.7.7/0.0000
tr|Q7V199|Q7V199_PROMP,EC:5.3.4.1/0.0001
tr|Q7V1A0|Q7V1A0_PROMP,EC:3.1.1.4/0.0456
tr|Q7V1A1|Q7V1A1_PROMP,EC:7.5.2.5/0.0000
tr|Q7V1A2|Q7V1A2_PROMP,EC:2.4.1.236/0.0000
tr|Q7V1A3|Q7V1A3_PROMP,EC:7.2.2.4/0.0018
tr|Q7V1A4|Q7V1A4_PROMP,EC:1.3.7.5/0.0012
tr|Q7V1A5|Q7V1A5_PROMP,EC:7.3.2.1/0.0288
tr|Q7V1A6|Q7V1A6_PROMP,EC:2.1.1.374/0.0000
tr|Q7V1A7|Q7V1A7_PROMP,EC:7.3.2.1/0.0000
tr|Q7V1A8|Q7V1A8_PROMP,EC:2.3.1.61/0.0000
tr|Q7V1A9|Q7V1A9_PROMP,EC:3.2.1.4/0.0241
tr|Q7V1B7|Q7V1B7_PROMP,EC:2.4.1.266/0.0016
tr|Q7V1B8|Q7V1B8_PROMP,EC:2.4.1.352/0.8521
tr|Q7V1B9|Q7V1B9_PROMP,EC:3.1.3.70/0.2050
tr|Q7V1C0|Q7V1C0_PROMP,EC:2.7.4.13/0.0002
tr|Q7V1C1|Q7V1C1_PROMP,EC:6.4.1.8/0.0012
tr|Q7V1C2|Q7V1C2_PROMP,EC:3.4.24.21/0.0000,EC:2.6.1.3/0.0000
tr|Q7V1C5|Q7V1C5_PROMP,EC:7.6.2.2/0.4605
tr|Q7V1C6|Q7V1C6_PROMP,EC:1.3.7.5/0.0180
tr|Q7V1C9|Q7V1C9_PROMP,EC:1.12.98.3/0.0021
tr|Q7V1D2|Q7V1D2_PROMP,EC:7.1.3.1/0.0004
tr|Q7V1D4|Q7V1D4_PROMP,EC:2.4.1.275/0.0000
tr|Q7V1D5|Q7V1D5_PROMP,EC:5.6.1.1/0.0002
tr|Q7V1D7|Q7V1D7_PROMP,EC:2.7.7.7/0.9078
tr|Q7V1D8|Q7V1D8_PROMP,EC:3.4.21.88/0.0353
tr|Q7V1E0|Q7V1E0_PROMP,EC:2.1.3.15/0.0238
tr|Q7V1E3|Q7V1E3_PROMP,EC:2.1.1.86/0.0000
tr|Q7V1E7|Q7V1E7_PROMP,EC:2.7.13.3/0.0018
tr|Q7V1E8|Q7V1E8_PROMP,EC:2.9.1.3/0.0028
tr|Q7V1E9|Q7V1E9_PROMP,EC:4.1.1.97/0.0008,EC:3.2.2.22/0.0008,EC:2.1.1.148/0.0007
tr|Q7V1F0|Q7V1F0_PROMP,EC:2.7.11.1/0.0160,EC:2.3.1.48/0.0148
tr|Q7V1F1|Q7V1F1_PROMP,EC:4.2.3.38/0.0199
tr|Q7V1F2|Q7V1F2_PROMP,EC:2.4.1.241/0.0000,EC:2.4.1.46/0.0000
tr|Q7V1F5|Q7V1F5_PROMP,EC:3.5.4.33/0.7978
tr|Q7V1F6|Q7V1F6_PROMP,EC:4.1.1.105/0.7558
tr|Q7V1F7|Q7V1F7_PROMP,EC:2.7.13.3/0.0138
tr|Q7V1F9|Q7V1F9_PROMP,EC:2.5.1.145/0.0000,EC:2.1.1.80/0.0000
tr|Q7V1G0|Q7V1G0_PROMP,EC:3.4.21.107/0.0015,EC:2.7.13.3/0.0014
tr|Q7V1G2|Q7V1G2_PROMP,EC:3.6.1.31/0.3842
tr|Q7V1G3|Q7V1G3_PROMP,EC:2.3.1.284/0.0013
tr|Q7V1G4|Q7V1G4_PROMP,EC:2.3.2.27/0.0006,EC:2.7.11.1/0.0005,EC:2.1.1.4/0.0005
tr|Q7V1G7|Q7V1G7_PROMP,EC:2.1.1.86/0.0009
tr|Q7V1G8|Q7V1G8_PROMP,EC:1.3.7.2/0.0003
tr|Q7V1G9|Q7V1G9_PROMP,EC:7.1.1.7/0.0002
tr|Q7V1H1|Q7V1H1_PROMP,EC:5.6.2.2/0.0345
tr|Q7V1H3|Q7V1H3_PROMP,EC:1.3.5.4/0.0006
tr|Q7V1H5|Q7V1H5_PROMP,EC:5.2.1.8/0.0051
tr|Q7V1H6|Q7V1H6_PROMP,EC:4.99.1.10/0.0158
tr|Q7V1I4|Q7V1I4_PROMP,EC:2.8.1.7/0.1014
tr|Q7V1I5|Q7V1I5_PROMP,EC:1.3.7.3/0.2484
tr|Q7V1I6|Q7V1I6_PROMP,EC:3.4.16.4/0.1337
tr|Q7V1I8|Q7V1I8_PROMP,EC:1.16.1.10/0.0273
tr|Q7V1J1|Q7V1J1_PROMP,EC:3.1.3.15/0.0009
tr|Q7V1J2|Q7V1J2_PROMP,EC:4.2.3.59/0.0001
tr|Q7V1J4|Q7V1J4_PROMP,EC:3.6.1.1/0.0001
tr|Q7V1J5|Q7V1J5_PROMP,EC:2.7.1.161/0.0016
tr|Q7V1J6|Q7V1J6_PROMP,EC:2.7.7.12/0.0194,EC:2.7.7.53/0.0173,EC:2.7.7.5/0.0139
tr|Q7V1J7|Q7V1J7_PROMP,EC:3.1.21.4/0.0022
tr|Q7V1J9|Q7V1J9_PROMP,EC:3.1.13.1/0.0204
tr|Q7V1K1|Q7V1K1_PROMP,EC:3.1.21.4/0.0009
tr|Q7V1K2|Q7V1K2_PROMP,EC:2.1.1.86/0.0626
tr|Q7V1K5|Q7V1K5_PROMP,EC:3.2.2.17/0.0042
tr|Q7V1K6|Q7V1K6_PROMP,EC:6.2.1.14/0.0005
tr|Q7V1K7|Q7V1K7_PROMP,EC:2.7.7.6/0.0032
tr|Q7V1K8|Q7V1K8_PROMP,EC:1.4.3.2/0.0014
tr|Q7V1K9|Q7V1K9_PROMP,EC:1.11.1.26/0.9868
tr|Q7V1L0|Q7V1L0_PROMP,EC:2.4.1.198/0.0000
tr|Q7V1L3|Q7V1L3_PROMP,EC:2.1.1.86/0.0002
tr|Q7V1L4|Q7V1L4_PROMP,EC:3.1.3.104/0.0509
tr|Q7V1L5|Q7V1L5_PROMP,EC:4.1.1.83/0.0000
tr|Q7V1L6|Q7V1L6_PROMP,EC:2.1.1.17/0.0001,EC:2.7.13.3/0.0001,EC:3.4.11.6/0.0001
tr|Q7V1L7|Q7V1L7_PROMP,EC:2.1.1.17/0.0002
tr|Q7V1L8|Q7V1L8_PROMP,EC:3.1.13.1/0.3124
tr|Q7V1L9|Q7V1L9_PROMP,EC:2.1.3.1/0.0069
tr|Q7V1M0|Q7V1M0_PROMP,EC:1.3.7.5/0.0168
tr|Q7V1M2|Q7V1M2_PROMP,EC:1.1.1.34/0.0000
tr|Q7V1M3|Q7V1M3_PROMP,EC:1.1.1.34/0.0000
tr|Q7V1M4|Q7V1M4_PROMP,EC:3.1.3.27/0.0072
tr|Q7V1M6|Q7V1M6_PROMP,EC:1.3.7.5/0.0170
tr|Q7V1M7|Q7V1M7_PROMP,EC:3.1.21.4/0.2984
tr|Q7V1M8|Q7V1M8_PROMP,EC:2.7.7.6/0.0000
tr|Q7V1M9|Q7V1M9_PROMP,EC:1.14.13.240/0.0167
tr|Q7V1N0|Q7V1N0_PROMP,EC:3.2.2.5/0.0000
tr|Q7V1N5|Q7V1N5_PROMP,EC:2.7.7.6/0.0000,EC:3.4.21.88/0.0000
tr|Q7V1N6|Q7V1N6_PROMP,EC:7.5.2.3/0.3357
tr|Q7V1N7|Q7V1N7_PROMP,EC:3.1.11.5/0.0006
tr|Q7V1N9|Q7V1N9_PROMP,EC:3.6.5.5/0.0000
tr|Q7V1P1|Q7V1P1_PROMP,EC:2.4.1.266/0.0000
tr|Q7V1P2|Q7V1P2_PROMP,EC:6.2.1.14/0.0057
tr|Q7V1P3|Q7V1P3_PROMP,EC:3.5.1.56/0.0002
tr|Q7V1P4|Q7V1P4_PROMP,EC:4.2.1.133/0.0077
tr|Q7V1P5|Q7V1P5_PROMP,EC:1.3.7.3/0.0529
tr|Q7V1P6|Q7V1P6_PROMP,EC:2.7.11.1/0.0002
tr|Q7V1P7|Q7V1P7_PROMP,EC:5.4.99.5/0.0010
tr|Q7V1P8|Q7V1P8_PROMP,EC:3.2.2.22/0.0039
tr|Q7V1P9|Q7V1P9_PROMP,EC:1.14.13.179/0.0001
tr|Q7V1Q0|Q7V1Q0_PROMP,EC:7.6.2.8/0.5673
tr|Q7V1Q1|Q7V1Q1_PROMP,EC:5.4.99.5/0.2033
tr|Q7V1Q3|Q7V1Q3_PROMP,EC:7.2.2.7/0.9707
tr|Q7V1Q5|Q7V1Q5_PROMP,EC:1.4.1.11/0.0052
tr|Q7V1Q6|Q7V1Q6_PROMP,EC:5.4.99.5/0.2684
tr|Q7V1Q7|Q7V1Q7_PROMP,EC:5.2.1.2/0.0015
tr|Q7V1Q9|Q7V1Q9_PROMP,EC:1.1.1.341/0.0001
tr|Q7V1R0|Q7V1R0_PROMP,EC:4.6.1.1/0.0004,EC:2.5.1.90/0.0003,EC:2.7.13.3/0.0003
tr|Q7V1R1|Q7V1R1_PROMP,EC:2.4.1.198/0.0006
tr|Q7V1R2|Q7V1R2_PROMP,EC:4.1.1.4/0.0000,EC:2.5.1.78/0.0000
tr|Q7V1R3|Q7V1R3_PROMP,EC:2.3.1.48/0.0003
tr|Q7V1R5|Q7V1R5_PROMP,EC:1.14.11.32/0.0000
tr|Q7V1R6|Q7V1R6_PROMP,EC:3.1.3.27/0.9224
tr|Q7V1S2|Q7V1S2_PROMP,EC:3.2.2.5/0.0002
tr|Q7V1S3|Q7V1S3_PROMP,EC:1.1.1.368/0.0001,EC:2.1.1.304/0.0000
tr|Q7V1S7|Q7V1S7_PROMP,EC:2.7.1.148/0.0000
tr|Q7V1S8|Q7V1S8_PROMP,EC:1.11.1.7/0.0007
tr|Q7V1S9|Q7V1S9_PROMP,EC:2.4.2.9/0.0039,EC:2.4.2.10/0.0018
tr|Q7V1T0|Q7V1T0_PROMP,EC:2.7.13.3/0.0001
tr|Q7V1T2|Q7V1T2_PROMP,EC:1.3.7.2/0.0034,EC:3.1.21.4/0.0026,EC:1.3.7.5/0.0024
tr|Q7V1T3|Q7V1T3_PROMP,EC:3.2.1.151/0.0000
tr|Q7V1U1|Q7V1U1_PROMP,EC:7.6.2.2/0.0000,EC:7.3.2.6/0.0000
tr|Q7V1U2|Q7V1U2_PROMP,EC:1.3.7.12/0.0005
tr|Q7V1U4|Q7V1U4_PROMP,EC:3.4.13.22/0.0001
tr|Q7V1U7|Q7V1U7_PROMP,EC:1.8.1.2/0.7503,EC:1.8.7.1/0.7284
tr|Q7V1V1|Q7V1V1_PROMP,EC:2.4.1.287/0.0000
tr|Q7V1V2|Q7V1V2_PROMP,EC:7.2.4.3/0.0003
tr|Q7V1V3|Q7V1V3_PROMP,EC:7.3.2.2/0.0189
tr|Q7V1V4|Q7V1V4_PROMP,EC:1.14.13.128/0.0000
tr|Q7V1V5|Q7V1V5_PROMP,EC:2.1.1.86/0.0000
tr|Q7V1V6|Q7V1V6_PROMP,EC:3.4.24.64/0.0018
tr|Q7V1V7|Q7V1V7_PROMP,EC:3.1.26.5/0.0001
tr|Q7V1V8|Q7V1V8_PROMP,EC:2.3.1.263/0.0000
tr|Q7V1W3|Q7V1W3_PROMP,EC:6.2.1.14/0.1080
tr|Q7V1W4|Q7V1W4_PROMP,EC:5.4.99.5/0.0001
tr|Q7V1W5|Q7V1W5_PROMP,EC:2.8.2.17/0.0136
tr|Q7V1W6|Q7V1W6_PROMP,EC:2.5.1.83/0.0046
tr|Q7V1W7|Q7V1W7_PROMP,EC:3.1.21.4/0.1221
tr|Q7V1W8|Q7V1W8_PROMP,EC:1.3.7.5/0.0014
tr|Q7V1W9|Q7V1W9_PROMP,EC:3.1.26.11/0.0041
tr|Q7V1X1|Q7V1X1_PROMP,EC:3.1.11.1/0.0002
tr|Q7V1X2|Q7V1X2_PROMP,EC:1.1.1.14/0.0000
tr|Q7V1X6|Q7V1X6_PROMP,EC:2.1.1.86/0.0408
tr|Q7V1X7|Q7V1X7_PROMP,EC:1.17.7.2/0.0000
tr|Q7V1X8|Q7V1X8_PROMP,EC:1.12.98.3/0.0029
tr|Q7V1X9|Q7V1X9_PROMP,EC:3.6.1.27/0.0035
tr|Q7V1Y0|Q7V1Y0_PROMP,EC:4.2.1.2/0.0009
tr|Q7V1Y1|Q7V1Y1_PROMP,EC:7.6.2.11/0.0000
tr|Q7V1Y3|Q7V1Y3_PROMP,EC:2.1.1.80/0.0000
tr|Q7V1Y4|Q7V1Y4_PROMP,EC:1.1.1.4/0.0001,EC:3.6.1.27/0.0000,EC:1.1.5.2/0.0000,EC:1.8.1.8/0.0000
tr|Q7V1Y5|Q7V1Y5_PROMP,EC:3.1.3.1/0.0181
tr|Q7V1Y6|Q7V1Y6_PROMP,EC:3.2.1.78/0.0031
tr|Q7V1Y7|Q7V1Y7_PROMP,EC:1.8.3.4/0.0000,EC:3.4.21.12/0.0000
tr|Q7V1Y8|Q7V1Y8_PROMP,EC:2.7.13.3/0.9741
tr|Q7V1Y9|Q7V1Y9_PROMP,EC:2.7.13.3/0.1740
tr|Q7V1Z0|Q7V1Z0_PROMP,EC:3.1.4.59/0.0001,EC:3.1.11.6/0.0000
tr|Q7V1Z1|Q7V1Z1_PROMP,EC:3.6.1.54/0.0005
tr|Q7V1Z2|Q7V1Z2_PROMP,EC:2.1.1.86/0.0008
tr|Q7V1Z3|Q7V1Z3_PROMP,EC:3.1.1.20/0.0000
tr|Q7V1Z4|Q7V1Z4_PROMP,EC:3.4.19.16/0.0000
tr|Q7V1Z5|Q7V1Z5_PROMP,EC:2.1.1.86/0.0196
tr|Q7V1Z6|Q7V1Z6_PROMP,EC:3.2.2.17/0.0002
tr|Q7V1Z7|Q7V1Z7_PROMP,EC:3.4.17.6/0.0000,EC:2.1.1.86/0.0000
tr|Q7V1Z8|Q7V1Z8_PROMP,EC:2.1.1.86/0.0322
tr|Q7V1Z9|Q7V1Z9_PROMP,EC:2.7.7.13/0.0032
tr|Q7V200|Q7V200_PROMP,EC:1.1.1.398/0.0016
tr|Q7V201|Q7V201_PROMP,EC:3.4.23.2/0.0049
tr|Q7V202|Q7V202_PROMP,EC:4.6.1.23/0.0006
tr|Q7V203|Q7V203_PROMP,EC:2.1.1.86/0.0205
tr|Q7V204|Q7V204_PROMP,EC:2.6.1.45/0.0139,EC:2.1.1.86/0.0118,EC:3.1.1.4/0.0089
tr|Q7V205|Q7V205_PROMP,EC:3.1.1.4/0.1926
tr|Q7V206|Q7V206_PROMP,EC:1.14.13.244/0.0070,EC:2.7.7.6/0.0054,EC:3.6.1.1/0.0051
tr|Q7V207|Q7V207_PROMP,EC:4.1.99.11/0.4666
tr|Q7V210|Q7V210_PROMP,EC:2.1.1.320/0.0065
tr|Q7V211|Q7V211_PROMP,EC:1.8.5.2/0.0000
tr|Q7V212|Q7V212_PROMP,EC:3.1.4.46/0.0049
tr|Q7V214|Q7V214_PROMP,EC:3.4.21.102/0.9947
tr|Q7V218|Q7V218_PROMP,EC:4.1.99.5/0.0001
tr|Q7V219|Q7V219_PROMP,EC:7.3.2.2/0.6902
tr|Q7V220|Q7V220_PROMP,EC:2.7.13.3/0.0008
tr|Q7V221|Q7V221_PROMP,EC:3.1.1.112/0.0086
tr|Q7V222|Q7V222_PROMP,EC:2.7.1.216/0.0000,EC:2.7.1.182/0.0000
tr|Q7V224|Q7V224_PROMP,EC:1.3.7.2/0.0022
tr|Q7V225|Q7V225_PROMP,EC:7.2.2.5/0.0000
tr|Q7V227|Q7V227_PROMP,EC:2.7.13.3/0.0002
tr|Q7V229|Q7V229_PROMP,EC:2.1.1.103/0.0000,EC:2.1.1.187/0.0000
tr|Q7V230|Q7V230_PROMP,EC:1.17.4.2/0.9829
tr|Q7V231|Q7V231_PROMP,EC:6.5.1.1/0.1968
tr|Q7V233|Q7V233_PROMP,EC:1.14.14.58/0.0000,EC:4.4.1.20/0.0000
tr|Q7V234|Q7V234_PROMP,EC:2.1.1.86/0.0000,EC:4.2.3.38/0.0000
tr|Q7V235|Q7V235_PROMP,EC:1.16.1.7/0.0012
tr|Q7V236|Q7V236_PROMP,EC:2.1.1.86/0.0001
tr|Q7V237|Q7V237_PROMP,EC:4.2.1.2/0.0056
tr|Q7V238|Q7V238_PROMP,EC:3.1.21.4/0.0019
tr|Q7V239|Q7V239_PROMP,EC:1.11.1.7/0.0001
tr|Q7V240|Q7V240_PROMP,EC:1.1.1.181/0.0000,EC:5.3.3.1/0.0000
tr|Q7V241|Q7V241_PROMP,EC:4.2.1.2/0.0027
tr|Q7V243|Q7V243_PROMP,EC:1.2.1.28/0.0000,EC:1.14.14.3/0.0000
tr|Q7V244|Q7V244_PROMP,EC:2.3.1.15/0.0003
tr|Q7V246|Q7V246_PROMP,EC:4.2.3.38/0.0037,EC:1.3.7.5/0.0021
tr|Q7V247|Q7V247_PROMP,EC:1.1.1.47/0.0000
tr|Q7V248|Q7V248_PROMP,EC:2.1.1.206/0.0000
tr|Q7V249|Q7V249_PROMP,EC:1.3.98.3/0.0000,EC:2.6.1.62/0.0000
tr|Q7V250|Q7V250_PROMP,EC:4.99.1.10/0.0002
tr|Q7V251|Q7V251_PROMP,EC:3.3.2.1/0.3160
tr|Q7V252|Q7V252_PROMP,EC:2.7.13.3/0.0018
tr|Q7V253|Q7V253_PROMP,EC:1.3.1.33/0.0292
tr|Q7V254|Q7V254_PROMP,EC:5.3.99.8/0.1505,EC:5.3.99.9/0.0381
tr|Q7V255|Q7V255_PROMP,EC:1.6.5.10/0.0631
tr|Q7V256|Q7V256_PROMP,EC:2.5.1.18/0.0001
tr|Q7V257|Q7V257_PROMP,EC:1.3.7.5/0.0005
tr|Q7V258|Q7V258_PROMP,EC:5.4.4.8/0.0001
tr|Q7V260|Q7V260_PROMP,EC:2.1.1.113/0.0019
tr|Q7V261|Q7V261_PROMP,EC:1.3.7.2/0.0003
tr|Q7V262|Q7V262_PROMP,EC:2.7.13.3/0.0411
tr|Q7V264|Q7V264_PROMP,EC:3.1.1.4/0.0058
tr|Q7V265|Q7V265_PROMP,EC:3.1.11.1/0.0083
tr|Q7V266|Q7V266_PROMP,EC:3.1.1.14/0.0203
tr|Q7V268|Q7V268_PROMP,EC:2.5.1.84/0.9861
tr|Q7V269|Q7V269_PROMP,EC:3.5.1.28/0.9774
tr|Q7V270|Q7V270_PROMP,EC:3.5.1.128/0.9941
tr|Q7V273|Q7V273_PROMP,EC:2.1.1.61/0.0001
tr|Q7V279|Q7V279_PROMP,EC:4.2.1.2/0.0002
tr|Q7V280|Q7V280_PROMP,EC:4.1.2.10/0.0002
tr|Q7V281|Q7V281_PROMP,EC:7.1.1.2/0.0000,EC:1.12.98.3/0.0000
tr|Q7V282|Q7V282_PROMP,EC:7.2.2.5/0.5321
tr|Q7V283|Q7V283_PROMP,EC:3.5.99.2/0.0000
tr|Q7V284|Q7V284_PROMP,EC:2.7.13.3/0.0007
tr|Q7V285|Q7V285_PROMP,EC:7.2.4.3/0.0071
tr|Q7V288|Q7V288_PROMP,EC:2.7.1.2/0.9882
tr|Q7V291|Q7V291_PROMP,EC:3.1.1.32/0.6948
tr|Q7V294|Q7V294_PROMP,EC:3.3.2.10/0.0030
tr|Q7V295|Q7V295_PROMP,EC:2.1.1.86/0.0009
tr|Q7V296|Q7V296_PROMP,EC:4.2.99.18/0.0000
tr|Q7V297|Q7V297_PROMP,EC:1.15.1.1/0.0010
tr|Q7V298|Q7V298_PROMP,EC:3.1.1.56/0.0047,EC:3.1.1.84/0.0029
tr|Q7V2A1|Q7V2A1_PROMP,EC:1.2.1.3/0.0000
tr|Q7V2A2|Q7V2A2_PROMP,EC:1.7.2.1/0.0431,EC:1.15.1.1/0.0309
tr|Q7V2A5|Q7V2A5_PROMP,EC:3.6.4.12/0.0002
tr|Q7V2A6|Q7V2A6_PROMP,EC:2.7.7.15/0.0009
tr|Q7V2A7|Q7V2A7_PROMP,EC:3.6.1.12/0.0010
tr|Q7V2A8|Q7V2A8_PROMP,EC:4.4.1.26/0.0005
tr|Q7V2A9|Q7V2A9_PROMP,EC:1.2.7.7/0.0002
tr|Q7V2B0|Q7V2B0_PROMP,EC:2.1.1.86/0.0002,EC:3.4.24.84/0.0002
tr|Q7V2B3|Q7V2B3_PROMP,EC:3.1.4.4/0.0001
tr|Q7V2B5|Q7V2B5_PROMP,EC:2.5.1.18/0.2087,EC:1.8.5.1/0.1712
tr|Q7V2B6|Q7V2B6_PROMP,EC:2.7.7.68/0.0111
tr|Q7V2B7|Q7V2B7_PROMP,EC:2.4.1.335/0.0001
tr|Q7V2B8|Q7V2B8_PROMP,EC:2.3.1.57/0.0205
tr|Q7V2B9|Q7V2B9_PROMP,EC:7.6.2.2/0.8631
tr|Q7V2C2|Q7V2C2_PROMP,EC:3.5.99.10/0.8228
tr|Q7V2C3|Q7V2C3_PROMP,EC:1.3.7.3/0.0005,EC:3.1.4.14/0.0005,EC:2.6.1.45/0.0004
tr|Q7V2C4|Q7V2C4_PROMP,EC:4.2.1.96/0.0009
tr|Q7V2D2|Q7V2D2_PROMP,EC:3.6.1.66/0.9812
tr|Q7V2D4|Q7V2D4_PROMP,EC:3.1.21.4/0.0007
tr|Q7V2D9|Q7V2D9_PROMP,EC:4.1.1.65/0.0005
tr|Q7V2E1|Q7V2E1_PROMP,EC:2.3.1.181/0.0184
tr|Q7V2E2|Q7V2E2_PROMP,EC:2.7.13.3/0.0060
tr|Q7V2E5|Q7V2E5_PROMP,EC:1.1.1.100/0.0021,EC:1.6.5.10/0.0013
tr|Q7V2E9|Q7V2E9_PROMP,EC:3.5.1.102/0.0643
tr|Q7V2F0|Q7V2F0_PROMP,EC:5.2.1.8/0.0009
tr|Q7V2F1|Q7V2F1_PROMP,EC:1.3.7.3/0.7084
tr|Q7V2F3|Q7V2F3_PROMP,EC:5.2.1.8/0.0001
tr|Q7V2F6|Q7V2F6_PROMP,EC:3.1.21.4/0.0092
tr|Q7V2F7|Q7V2F7_PROMP,EC:2.5.1.17/0.6222
tr|Q7V2G0|Q7V2G0_PROMP,EC:2.4.1.284/0.0007
tr|Q7V2G2|Q7V2G2_PROMP,EC:3.4.16.4/0.9963
tr|Q7V2G3|Q7V2G3_PROMP,EC:1.3.7.5/0.0011,EC:3.1.1.32/0.0008
tr|Q7V2G4|Q7V2G4_PROMP,EC:2.7.13.3/0.0123
tr|Q7V2G5|Q7V2G5_PROMP,EC:3.1.3.3/0.0090,EC:3.1.3.73/0.0031
tr|Q7V2G6|Q7V2G6_PROMP,EC:3.5.2.3/0.0127
tr|Q7V2G8|Q7V2G8_PROMP,EC:1.20.4.1/0.9130
tr|Q7V2H2|Q7V2H2_PROMP,EC:2.7.1.73/0.0122,EC:2.7.1.15/0.0045
tr|Q7V2H3|Q7V2H3_PROMP,EC:2.8.1.12/0.0004,EC:2.2.1.6/0.0003
tr|Q7V2H4|Q7V2H4_PROMP,EC:1.3.1.54/0.2512,EC:1.3.1.106/0.1430
tr|Q7V2H5|Q7V2H5_PROMP,EC:3.1.1.29/0.0003,EC:2.3.1.263/0.0002
tr|Q7V2H6|Q7V2H6_PROMP,EC:5.4.99.5/0.1937
tr|Q7V2H7|Q7V2H7_PROMP,EC:1.3.7.2/0.0014,EC:1.3.7.3/0.0014
tr|Q7V2H8|Q7V2H8_PROMP,EC:1.1.5.2/0.0003
tr|Q7V2I4|Q7V2I4_PROMP,EC:3.1.1.96/0.0001
tr|Q7V2I6|Q7V2I6_PROMP,EC:2.5.1.60/0.0011
tr|Q7V2I7|Q7V2I7_PROMP,EC:2.4.1.32/0.0000
tr|Q7V2I8|Q7V2I8_PROMP,EC:2.4.2.53/0.0003
tr|Q7V2I9|Q7V2I9_PROMP,EC:4.99.1.12/0.9797
tr|Q7V2J0|Q7V2J0_PROMP,EC:2.3.2.22/0.0001
tr|Q7V2J1|Q7V2J1_PROMP,EC:3.4.22.70/0.0014
tr|Q7V2J4|Q7V2J4_PROMP,EC:2.7.8.20/0.0000
sp|Q7V2J5|Y481_PROMP,EC:3.1.26.5/0.0000
tr|Q7V2J6|Q7V2J6_PROMP,EC:5.4.99.1/0.0002
tr|Q7V2J7|Q7V2J7_PROMP,EC:6.3.3.3/0.0005
tr|Q7V2J8|Q7V2J8_PROMP,EC:1.2.1.n2/0.0060,EC:5.1.3.34/0.0054
tr|Q7V2K0|Q7V2K0_PROMP,EC:7.2.2.9/0.0000,EC:1.2.1.22/0.0000
tr|Q7V2K2|Q7V2K2_PROMP,EC:3.1.26.5/0.0033
tr|Q7V2K4|Q7V2K4_PROMP,EC:5.2.1.8/0.0001
tr|Q7V2K5|Q7V2K5_PROMP,EC:2.1.1.86/0.0112
tr|Q7V2L0|Q7V2L0_PROMP,EC:5.6.2.1/0.0209
tr|Q7V2L1|Q7V2L1_PROMP,EC:2.1.1.86/0.0026
tr|Q7V2L3|Q7V2L3_PROMP,EC:1.3.7.3/0.0117
tr|Q7V2L7|Q7V2L7_PROMP,EC:2.7.13.3/0.7443
tr|Q7V2L8|Q7V2L8_PROMP,EC:3.6.1.40/0.3448
tr|Q7V2M0|Q7V2M0_PROMP,EC:3.4.17.13/0.9307
tr|Q7V2M4|Q7V2M4_PROMP,EC:2.5.1.83/0.0008
tr|Q7V2M5|Q7V2M5_PROMP,EC:2.4.1.129/0.0050
tr|Q7V2M6|Q7V2M6_PROMP,EC:2.7.13.3/0.0027
tr|Q7V2M8|Q7V2M8_PROMP,EC:1.17.99.9/0.1278
tr|Q7V2N2|Q7V2N2_PROMP,EC:3.1.26.5/0.0001
tr|Q7V2N3|Q7V2N3_PROMP,EC:1.1.1.65/0.0006
tr|Q7V2N4|Q7V2N4_PROMP,EC:3.5.2.6/0.0002
tr|Q7V2N5|Q7V2N5_PROMP,EC:3.1.21.4/0.0000
tr|Q7V2N6|Q7V2N6_PROMP,EC:2.7.11.1/0.0117
tr|Q7V2N9|Q7V2N9_PROMP,EC:7.6.2.10/0.0000
tr|Q7V2P0|Q7V2P0_PROMP,EC:3.1.26.5/0.0001
tr|Q7V2P3|Q7V2P3_PROMP,EC:2.5.1.151/0.0023,EC:1.16.1.6/0.0023
tr|Q7V2P4|Q7V2P4_PROMP,EC:2.5.1.62/0.0053,EC:2.5.1.117/0.0020
tr|Q7V2P7|Q7V2P7_PROMP,EC:4.1.99.13/0.7816
tr|Q7V2P8|Q7V2P8_PROMP,EC:2.7.7.6/0.0688
tr|Q7V2P9|Q7V2P9_PROMP,EC:1.20.4.1/0.0000
tr|Q7V2Q0|Q7V2Q0_PROMP,EC:2.7.13.3/0.0000
tr|Q7V2Q3|Q7V2Q3_PROMP,EC:3.1.11.6/0.0000,EC:2.7.7.6/0.0000
tr|Q7V2Q4|Q7V2Q4_PROMP,EC:5.3.99.2/0.0000
tr|Q7V2Q6|Q7V2Q6_PROMP,EC:5.1.1.17/0.0001
tr|Q7V2Q7|Q7V2Q7_PROMP,EC:1.1.1.100/0.0006
tr|Q7V2Q9|Q7V2Q9_PROMP,EC:2.5.1.18/0.0062,EC:5.2.1.2/0.0047
sp|Q7V2R0|YIDD_PROMP,EC:3.4.23.43/0.0001
tr|Q7V2R5|Q7V2R5_PROMP,EC:1.3.7.2/0.0002
tr|Q7V2R6|Q7V2R6_PROMP,EC:2.3.1.12/0.0001
tr|Q7V2R7|Q7V2R7_PROMP,EC:6.2.1.3/0.1455
tr|Q7V2S3|Q7V2S3_PROMP,EC:4.1.1.23/0.0052
tr|Q7V2S4|Q7V2S4_PROMP,EC:5.5.1.12/0.0019
tr|Q7V2S5|Q7V2S5_PROMP,EC:2.4.1.180/0.0000
tr|Q7V2S7|Q7V2S7_PROMP,EC:2.5.1.151/0.0198,EC:1.16.1.6/0.0198
tr|Q7V2S8|Q7V2S8_PROMP,EC:1.14.99.69/0.8972
tr|Q7V2T0|Q7V2T0_PROMP,EC:2.1.1.72/0.0015
tr|Q7V2T1|Q7V2T1_PROMP,EC:3.1.21.3/0.4926
tr|Q7V2T2|Q7V2T2_PROMP,EC:3.5.1.28/0.0000
tr|Q7V2T3|Q7V2T3_PROMP,EC:1.4.3.2/0.0032
tr|Q7V2T4|Q7V2T4_PROMP,EC:2.4.1.384/0.0000
tr|Q7V2T5|Q7V2T5_PROMP,EC:5.3.1.32/0.0000,EC:5.3.3.4/0.0000
tr|Q7V2T6|Q7V2T6_PROMP,EC:5.3.1.14/0.0000
tr|Q7V2T7|Q7V2T7_PROMP,EC:5.1.3.32/0.0051
tr|Q7V2T8|Q7V2T8_PROMP,EC:5.2.1.8/0.0053
tr|Q7V2U1|Q7V2U1_PROMP,EC:7.6.2.7/0.7499
tr|Q7V2U2|Q7V2U2_PROMP,EC:2.3.1.269/0.0000
tr|Q7V2U3|Q7V2U3_PROMP,EC:1.7.7.2/0.0000
tr|Q7V2U4|Q7V2U4_PROMP,EC:2.3.1.71/0.0000,EC:1.17.7.2/0.0000,EC:5.3.3.4/0.0000
tr|Q7V2U5|Q7V2U5_PROMP,EC:1.13.11.50/0.0000
tr|Q7V2U6|Q7V2U6_PROMP,EC:1.15.1.1/0.0001
tr|Q7V2U7|Q7V2U7_PROMP,EC:1.14.19.19/0.0000
tr|Q7V2U8|Q7V2U8_PROMP,EC:3.1.21.4/0.0001,EC:2.6.1.1/0.0001
tr|Q7V2U9|Q7V2U9_PROMP,EC:2.1.1.86/0.0189
tr|Q7V2V0|Q7V2V0_PROMP,EC:1.13.11.19/0.0000,EC:2.3.1.184/0.0000,EC:1.1.1.49/0.0000
tr|Q7V2V1|Q7V2V1_PROMP,EC:1.4.3.2/0.1187
tr|Q7V2V2|Q7V2V2_PROMP,EC:2.7.1.49/0.9869,EC:2.7.4.7/0.9868
tr|Q7V2V3|Q7V2V3_PROMP,EC:3.5.99.2/0.9827
tr|Q7V2V4|Q7V2V4_PROMP,EC:1.14.13.24/0.0000
tr|Q7V2V5|Q7V2V5_PROMP,EC:2.4.1.308/0.8302
tr|Q7V2V6|Q7V2V6_PROMP,EC:2.3.1.269/0.0000
tr|Q7V2V7|Q7V2V7_PROMP,EC:1.3.7.3/0.0250
tr|Q7V2V8|Q7V2V8_PROMP,EC:3.1.1.29/0.0007
tr|Q7V2V9|Q7V2V9_PROMP,EC:2.1.1.86/0.0012
tr|Q7V2W0|Q7V2W0_PROMP,EC:1.4.3.2/0.0074
tr|Q7V2W1|Q7V2W1_PROMP,EC:1.11.1.24/0.9841
tr|Q7V2W3|Q7V2W3_PROMP,EC:1.2.5.2/0.0172
tr|Q7V2W4|Q7V2W4_PROMP,EC:2.3.1.23/0.0003
tr|Q7V2W5|Q7V2W5_PROMP,EC:5.2.1.13/0.0001
tr|Q7V2W6|Q7V2W6_PROMP,EC:4.2.1.2/0.0290
tr|Q7V2W7|Q7V2W7_PROMP,EC:2.1.1.113/0.0008
tr|Q7V2W8|Q7V2W8_PROMP,EC:1.10.3.11/0.0016
tr|Q7V2W9|Q7V2W9_PROMP,EC:2.5.1.151/0.0003,EC:1.16.1.6/0.0003
tr|Q7V2X0|Q7V2X0_PROMP,EC:2.3.1.183/0.0000,EC:2.3.1.189/0.0000
tr|Q7V2X1|Q7V2X1_PROMP,EC:1.2.1.5/0.6358,EC:1.2.1.7/0.5673,EC:1.2.1.3/0.4133
tr|Q7V2X2|Q7V2X2_PROMP,EC:3.1.11.6/0.0043
tr|Q7V2X7|Q7V2X7_PROMP,EC:3.1.5.1/0.0177
tr|Q7V2Y1|Q7V2Y1_PROMP,EC:2.7.7.87/0.4494
tr|Q7V2Y3|Q7V2Y3_PROMP,EC:5.1.1.17/0.0001
tr|Q7V2Y7|Q7V2Y7_PROMP,EC:3.1.13.1/0.0007
tr|Q7V2Y9|Q7V2Y9_PROMP,EC:2.7.1.47/0.4828
tr|Q7V2Z0|Q7V2Z0_PROMP,EC:2.7.13.3/0.0002
tr|Q7V2Z1|Q7V2Z1_PROMP,EC:7.2.4.3/0.0007,EC:2.7.7.48/0.0006,EC:3.4.22.65/0.0006
tr|Q7V2Z5|Q7V2Z5_PROMP,EC:2.7.7.9/0.0017
tr|Q7V302|Q7V302_PROMP,EC:2.1.1.86/0.0003
tr|Q7V306|Q7V306_PROMP,EC:7.6.2.11/0.0000
tr|Q7V307|Q7V307_PROMP,EC:2.7.13.3/0.0029
tr|Q7V309|Q7V309_PROMP,EC:3.6.1.13/0.9299
tr|Q7V311|Q7V311_PROMP,EC:2.6.1.98/0.2222,EC:2.6.1.90/0.1954
tr|Q7V312|Q7V312_PROMP,EC:1.11.1.24/0.0003,EC:1.11.1.26/0.0002
tr|Q7V315|Q7V315_PROMP,EC:1.13.11.51/0.0056
tr|Q7V317|Q7V317_PROMP,EC:5.4.2.8/0.8384,EC:5.4.2.2/0.8208
tr|Q7V318|Q7V318_PROMP,EC:3.1.12.1/0.0000
tr|Q7V319|Q7V319_PROMP,EC:2.1.2.10/0.0000,EC:6.2.1.35/0.0000
tr|Q7V321|Q7V321_PROMP,EC:2.7.13.3/0.0000
tr|Q7V322|Q7V322_PROMP,EC:1.1.1.374/0.0933,EC:1.1.1.18/0.0873
tr|Q7V325|Q7V325_PROMP,EC:2.7.13.3/0.9314
tr|Q7V326|Q7V326_PROMP,EC:3.2.2.17/0.1596
tr|Q7V327|Q7V327_PROMP,EC:2.7.7.43/0.0000,EC:3.6.1.9/0.0000,EC:4.4.1.3/0.0000
tr|Q7V328|Q7V328_PROMP,EC:1.8.5.2/0.0109
sp|Q7V331|SFSA_PROMP,EC:3.1.1.96/0.0000
tr|Q7V332|Q7V332_PROMP,EC:2.7.13.3/0.0001
tr|Q7V333|Q7V333_PROMP,EC:1.3.7.5/0.0027
tr|Q7V334|Q7V334_PROMP,EC:1.13.11.61/0.0019
tr|Q7V338|Q7V338_PROMP,EC:3.1.1.32/0.0028,EC:3.6.1.5/0.0021
tr|Q7V343|Q7V343_PROMP,EC:2.4.1.198/0.0004
tr|Q7V344|Q7V344_PROMP,EC:3.1.21.10/0.0621
tr|Q7V345|Q7V345_PROMP,EC:2.1.1.86/0.0091
tr|Q7V346|Q7V346_PROMP,EC:2.5.1.17/0.0084
tr|Q7V347|Q7V347_PROMP,EC:2.1.1.148/0.8790
tr|Q7V348|Q7V348_PROMP,EC:1.8.5.2/0.0040
tr|Q7V351|Q7V351_PROMP,EC:1.14.14.58/0.0000,EC:1.8.5.2/0.0000,EC:4.2.3.38/0.0000
tr|Q7V353|Q7V353_PROMP,EC:2.6.1.45/0.0011
tr|Q7V356|Q7V356_PROMP,EC:2.7.13.3/0.0003
tr|Q7V357|Q7V357_PROMP,EC:1.12.1.2/0.0012
tr|Q7V358|Q7V358_PROMP,EC:5.5.1.12/0.0005
tr|Q7V363|Q7V363_PROMP,EC:4.1.2.14/0.0023,EC:4.1.3.16/0.0012
tr|Q7V366|Q7V366_PROMP,EC:2.5.1.18/0.9104
tr|Q7V367|Q7V367_PROMP,EC:2.7.7.6/0.0031
tr|Q7V371|Q7V371_PROMP,EC:3.4.21.107/0.0001
tr|Q7V372|Q7V372_PROMP,EC:7.2.1.1/0.0001
tr|Q7V373|Q7V373_PROMP,EC:2.2.1.12/0.0050
tr|Q7V374|Q7V374_PROMP,EC:1.8.1.9/0.9843
tr|Q7V375|Q7V375_PROMP,EC:5.4.99.5/0.0002
tr|Q7V376|Q7V376_PROMP,EC:2.7.13.3/0.0796
tr|Q7V389|Q7V389_PROMP,EC:5.2.1.8/0.0005
tr|Q7V393|Q7V393_PROMP,EC:7.2.2.11/0.0096
tr|Q7V394|Q7V394_PROMP,EC:1.2.99.10/0.0000
tr|Q7V398|Q7V398_PROMP,EC:3.2.1.15/0.0034
tr|Q7V399|Q7V399_PROMP,EC:4.1.3.27/0.9966
tr|Q7V3A2|Q7V3A2_PROMP,EC:2.1.1.86/0.0543
tr|Q7V3A4|Q7V3A4_PROMP,EC:2.5.1.18/0.0131
tr|Q7V3A7|Q7V3A7_PROMP,EC:4.2.1.113/0.1750
tr|Q7V3A8|Q7V3A8_PROMP,EC:6.2.1.26/0.0003
tr|Q7V3B2|Q7V3B2_PROMP,EC:2.8.1.7/0.7184
tr|Q7V3B3|Q7V3B3_PROMP,EC:2.7.13.3/0.0839
tr|Q7V3B4|Q7V3B4_PROMP,EC:2.1.1.11/0.9175
tr|Q7V3B7|Q7V3B7_PROMP,EC:3.1.21.4/0.0001,EC:3.1.26.5/0.0001
tr|Q7V3B8|Q7V3B8_PROMP,EC:2.8.1.1/0.4828
tr|Q7V3B9|Q7V3B9_PROMP,EC:3.2.2.22/0.0010
tr|Q7V3C3|Q7V3C3_PROMP,EC:3.6.1.25/0.9803
tr|Q7V3C4|Q7V3C4_PROMP,EC:2.7.10.1/0.0002
tr|Q7V3C5|Q7V3C5_PROMP,EC:1.5.1.20/0.0013
tr|Q7V3C7|Q7V3C7_PROMP,EC:2.7.7.6/0.0022
tr|Q7V3C9|Q7V3C9_PROMP,EC:2.1.1.100/0.0009,EC:2.1.1.17/0.0006
tr|Q7V3D0|Q7V3D0_PROMP,EC:3.2.2.22/0.0023
tr|Q7V3D3|Q7V3D3_PROMP,EC:2.5.1.32/0.8720
tr|Q7V3D4|Q7V3D4_PROMP,EC:2.7.7.101/0.0000,EC:1.2.1.22/0.0000
tr|Q7V3D5|Q7V3D5_PROMP,EC:2.7.7.72/0.3920
tr|Q7V3D6|Q7V3D6_PROMP,EC:1.8.7.2/0.0018
tr|Q7V3D7|Q7V3D7_PROMP,EC:2.1.1.170/0.0000
tr|Q7V3D8|Q7V3D8_PROMP,EC:2.3.1.n4/0.9904
tr|Q7V3E2|Q7V3E2_PROMP,EC:2.7.13.3/0.0127
tr|Q7V3E5|Q7V3E5_PROMP,EC:7.2.2.9/0.9890
tr|Q7V3E7|Q7V3E7_PROMP,EC:3.6.4.12/0.9059
tr|Q7V3E8|Q7V3E8_PROMP,EC:2.7.13.3/0.0470
tr|Q7V3E9|Q7V3E9_PROMP,EC:4.2.2.7/0.0205
tr|Q7V3F0|Q7V3F0_PROMP,EC:7.2.2.5/0.0326,EC:7.6.2.8/0.0321
sp|Q7V3F1|Y124_PROMP,EC:2.7.7.6/0.0171
tr|Q7V3F3|Q7V3F3_PROMP,EC:2.7.13.3/0.0570
tr|Q7V3F5|Q7V3F5_PROMP,EC:2.4.1.111/0.0000,EC:2.4.1.126/0.0000
tr|Q7V3F6|Q7V3F6_PROMP,EC:1.1.5.2/0.0003,EC:2.1.1.86/0.0003,EC:3.4.17.6/0.0003
tr|Q7V3F7|Q7V3F7_PROMP,EC:2.4.1.182/0.0000
tr|Q7V3F8|Q7V3F8_PROMP,EC:4.2.3.47/0.0038
tr|Q7V3F9|Q7V3F9_PROMP,EC:2.1.3.1/0.0000
tr|Q7V3G1|Q7V3G1_PROMP,EC:3.3.2.10/0.0296
tr|Q7V3G4|Q7V3G4_PROMP,EC:2.1.1.86/0.0062
tr|Q7V3G5|Q7V3G5_PROMP,EC:2.5.1.18/0.6342
tr|Q7V3G6|Q7V3G6_PROMP,EC:1.3.7.2/0.0010
tr|Q7V3G7|Q7V3G7_PROMP,EC:1.3.7.3/0.0133
tr|Q7V3H0|Q7V3H0_PROMP,EC:1.1.1.302/0.9117
tr|Q7V3H1|Q7V3H1_PROMP,EC:2.3.2.29/0.0003
tr|Q7V3H2|Q7V3H2_PROMP,EC:1.3.7.5/0.0796
tr|Q7V3H4|Q7V3H4_PROMP,EC:1.17.4.4/0.0001
tr|Q7V3H6|Q7V3H6_PROMP,EC:2.1.1.86/0.0000
tr|Q7V3H7|Q7V3H7_PROMP,EC:2.8.4.4/0.0025
tr|Q7V3H8|Q7V3H8_PROMP,EC:2.7.13.3/0.0303
tr|Q7V3H9|Q7V3H9_PROMP,EC:3.1.3.25/0.9483
tr|Q7V3I0|Q7V3I0_PROMP,EC:2.7.13.3/0.0011
tr|Q7V3I1|Q7V3I1_PROMP,EC:2.1.1.86/0.0000
tr|Q7V3I2|Q7V3I2_PROMP,EC:3.1.1.4/0.0103
tr|Q7V3I3|Q7V3I3_PROMP,EC:1.12.2.1/0.0028
tr|Q7V3I4|Q7V3I4_PROMP,EC:2.3.2.27/0.0012
tr|Q7V3I5|Q7V3I5_PROMP,EC:3.4.21.107/0.9873
tr|Q7V3I6|Q7V3I6_PROMP,EC:3.6.4.13/0.0001
tr|Q7V3I7|Q7V3I7_PROMP,EC:4.1.1.44/0.0027
tr|Q7V3I8|Q7V3I8_PROMP,EC:1.18.6.1/0.0092,EC:3.5.4.6/0.0063
tr|Q7V3I9|Q7V3I9_PROMP,EC:4.2.1.2/0.0110
tr|Q7V3J0|Q7V3J0_PROMP,EC:2.7.1.191/0.0006
tr|Q7V3J1|Q7V3J1_PROMP,EC:2.7.11.12/0.0000
tr|Q7V3J2|Q7V3J2_PROMP,EC:3.6.1.27/0.0119
tr|Q7V3J3|Q7V3J3_PROMP,EC:1.6.5.9/0.8026,EC:1.6.5.12/0.7986
tr|Q7V3J6|Q7V3J6_PROMP,EC:1.11.1.24/0.8722
tr|Q7V3J7|Q7V3J7_PROMP,EC:2.7.8.7/0.0142
tr|Q7V3J9|Q7V3J9_PROMP,EC:5.4.2.2/0.9972
tr|Q7V3K0|Q7V3K0_PROMP,EC:3.2.2.22/0.0121
tr|Q7V3K1|Q7V3K1_PROMP,EC:1.3.7.5/0.7453
tr|Q7V3K2|Q7V3K2_PROMP,EC:1.17.5.2/0.0000
tr|Q7V3K3|Q7V3K3_PROMP,EC:7.3.2.1/0.0012
tr|Q7V3K4|Q7V3K4_PROMP,EC:2.7.7.85/0.0001,EC:5.4.99.5/0.0001
tr|Q7V3K6|Q7V3K6_PROMP,EC:3.1.1.1/0.0006
tr|Q7V3K8|Q7V3K8_PROMP,EC:3.6.2.1/0.8913
tr|Q7V3K9|Q7V3K9_PROMP,EC:3.4.17.6/0.0003
tr|Q7V3L0|Q7V3L0_PROMP,EC:7.4.2.5/0.0292
tr|Q7V3L1|Q7V3L1_PROMP,EC:1.2.1.3/0.0008
tr|Q7V3L2|Q7V3L2_PROMP,EC:2.1.3.1/0.0017
tr|Q7V3L4|Q7V3L4_PROMP,EC:2.3.1.284/0.0036
tr|Q7V3L6|Q7V3L6_PROMP,EC:2.4.1.182/0.0000,EC:2.4.1.227/0.0000
tr|Q7V3L7|Q7V3L7_PROMP,EC:3.1.1.59/0.0041
tr|Q7V3L9|Q7V3L9_PROMP,EC:1.3.7.3/0.0005
tr|Q7V3M0|Q7V3M0_PROMP,EC:2.7.13.3/0.0002
tr|Q7V3M1|Q7V3M1_PROMP,EC:4.2.3.56/0.0001
tr|Q7V3M2|Q7V3M2_PROMP,EC:2.1.1.256/0.6989
tr|Q7V3M3|Q7V3M3_PROMP,EC:1.1.1.65/0.1342
tr|Q7V3M4|Q7V3M4_PROMP,EC:1.14.12.15/0.0000
tr|Q7V3N1|Q7V3N1_PROMP,EC:1.5.1.36/0.0013
tr|Q7V3N2|Q7V3N2_PROMP,EC:4.99.1.10/0.0026
tr|Q7V3N3|Q7V3N3_PROMP,EC:1.7.1.6/0.0024,EC:1.5.1.39/0.0019
tr|Q7V3N4|Q7V3N4_PROMP,EC:3.4.16.4/0.9328
tr|Q7V3N5|Q7V3N5_PROMP,EC:1.3.7.15/0.0001
tr|Q7V3N6|Q7V3N6_PROMP,EC:3.1.11.1/0.0001,EC:3.1.12.1/0.0000,EC:2.4.99.16/0.0000
tr|Q7V3N9|Q7V3N9_PROMP,EC:2.6.1.51/0.3094,EC:2.6.1.44/0.2048
tr|Q7V3P0|Q7V3P0_PROMP,EC:1.4.3.2/0.0015
tr|Q7V3P1|Q7V3P1_PROMP,EC:1.14.19.47/0.0000
tr|Q7V3P2|Q7V3P2_PROMP,EC:3.1.21.4/0.0013
tr|Q7V3P3|Q7V3P3_PROMP,EC:5.1.3.13/0.0061
tr|Q7V3P4|Q7V3P4_PROMP,EC:1.1.1.262/0.9815
tr|Q7V3P6|Q7V3P6_PROMP,EC:5.2.1.8/0.0245
tr|Q7V3Q2|Q7V3Q2_PROMP,EC:7.6.2.11/0.0001
tr|Q7V3Q5|Q7V3Q5_PROMP,EC:1.8.4.12/0.9948
tr|Q7V3Q7|Q7V3Q7_PROMP,EC:3.6.4.13/0.0000
tr|Q7V3Q8|Q7V3Q8_PROMP,EC:3.1.3.3/0.2425
tr|Q7V3R0|Q7V3R0_PROMP,EC:2.5.1.17/0.0002
tr|Q7V3R1|Q7V3R1_PROMP,EC:1.1.5.2/0.0001
tr|Q7V3R2|Q7V3R2_PROMP,EC:1.17.99.6/0.9886
tr|Q7V3R3|Q7V3R3_PROMP,EC:5.2.1.8/0.0077
tr|Q7V3R6|Q7V3R6_PROMP,EC:3.2.2.n1/0.0007
